,PLAYER,POS,AGE,TEAM,G,GS,MP,FG,FGA,FG%,3P,3PA,3P%,2P,2PA,2P%,eFG%,FT,FTA,FT%,ORB,DRB,TRB,AST,STL,BLK,TOV,PF,PTS,SEASON
0,Aron Baynes,C,32,BOS,51,18,16.1,2.1,4.4,.471,0.4,1.2,.344,1.6,3.2,.519,.518,1.0,1.2,.855,1.7,3.0,4.7,1.1,0.2,0.7,0.8,2.5,5.6,2018-19
1,Jaylen Brown,SG,22,BOS,74,25,25.9,5.0,10.7,.465,1.3,3.7,.344,3.7,7.0,.529,.525,1.8,2.7,.658,0.9,3.4,4.2,1.4,0.9,0.4,1.3,2.5,13.0,2018-19
2,PJ Dozier,SG,22,BOS,6,0,8.5,1.3,3.5,.381,0.3,1.3,.250,1.0,2.2,.462,.429,0.2,0.3,.500,1.0,1.8,2.8,0.8,0.3,0.0,0.0,0.3,3.2,2018-19
3,Gordon Hayward,PF,28,BOS,72,18,25.9,4.1,8.8,.466,1.1,3.2,.333,3.0,5.6,.542,.527,2.2,2.6,.834,0.7,3.8,4.5,3.4,0.9,0.3,1.5,1.4,11.5,2018-19
4,Al Horford,C,32,BOS,68,68,29.0,5.7,10.6,.535,1.1,3.0,.360,4.6,7.6,.604,.586,1.1,1.4,.821,1.8,5.0,6.7,4.2,0.9,1.3,1.5,1.9,13.6,2018-19
5,R.J. Hunter,SG,25,BOS,1,0,26.0,6.0,13.0,.462,4.0,10.0,.400,2.0,3.0,.667,.615,1.0,2.0,.500,1.0,2.0,3.0,3.0,1.0,0.0,0.0,3.0,17.0,2018-19
6,Kyrie Irving,PG,26,BOS,67,67,33.0,9.0,18.5,.487,2.6,6.5,.401,6.4,12.0,.533,.557,3.2,3.7,.873,1.1,3.9,5.0,6.9,1.5,0.5,2.6,2.5,23.8,2018-19
7,Greg Monroe,C,28,BOS,2,0,2.5,1.5,2.5,.600,0.0,0.0,,1.5,2.5,.600,.600,0.0,0.0,,1.5,0.0,1.5,0.5,0.0,0.0,0.0,0.0,3.0,2018-19
8,Marcus Morris,PF,29,BOS,75,53,27.9,5.0,11.3,.447,1.9,5.2,.375,3.1,6.1,.508,.533,1.9,2.3,.844,1.0,5.1,6.1,1.5,0.6,0.3,1.2,2.4,13.9,2018-19
9,Semi Ojeleye,PF,24,BOS,56,3,10.6,1.2,2.8,.424,0.5,1.6,.315,0.7,1.2,.565,.513,0.4,0.7,.615,0.4,1.1,1.5,0.4,0.2,0.1,0.3,0.8,3.3,2018-19
10,Terry Rozier,PG,24,BOS,79,14,22.7,3.3,8.4,.387,1.5,4.3,.353,1.8,4.2,.422,.477,0.9,1.2,.785,0.4,3.5,3.9,2.9,0.9,0.3,0.9,1.3,9.0,2018-19
11,Marcus Smart,SG,24,BOS,80,60,27.5,3.0,7.1,.422,1.6,4.3,.364,1.4,2.8,.511,.533,1.3,1.6,.806,0.7,2.2,2.9,4.0,1.8,0.4,1.5,2.5,8.9,2018-19
12,Jayson Tatum,SF,20,BOS,79,79,31.1,5.9,13.1,.450,1.5,3.9,.373,4.4,9.2,.483,.506,2.5,2.9,.855,0.9,5.2,6.0,2.1,1.1,0.7,1.5,2.1,15.7,2018-19
13,Daniel Theis,C,26,BOS,66,2,13.8,2.2,4.0,.549,0.4,1.0,.388,1.8,3.0,.603,.598,0.8,1.2,.737,1.3,2.1,3.4,1.0,0.3,0.6,0.5,2.4,5.7,2018-19
14,Brad Wanamaker,PG,29,BOS,36,0,9.5,1.4,2.9,.476,0.4,1.1,.410,0.9,1.8,.515,.552,0.7,0.8,.857,0.1,1.1,1.1,1.6,0.3,0.1,0.5,0.9,3.9,2018-19
15,Robert Williams,C,21,BOS,32,2,8.8,1.1,1.6,.706,0.0,0.0,,1.1,1.6,.706,.706,0.3,0.5,.600,0.8,1.7,2.5,0.2,0.3,1.3,0.3,1.1,2.5,2018-19
16,Guerschon Yabusele,PF,23,BOS,41,1,6.1,0.9,1.9,.455,0.2,0.7,.321,0.6,1.2,.531,.513,0.4,0.5,.682,0.6,0.7,1.3,0.4,0.2,0.2,0.4,0.8,2.3,2018-19
17,Jarrett Allen,C,20,BRK,80,80,26.2,4.2,7.1,.590,0.1,0.6,.133,4.1,6.5,.629,.595,2.5,3.5,.709,2.4,6.0,8.4,1.4,0.5,1.5,1.3,2.3,10.9,2018-19
18,DeMarre Carroll,PF,32,BRK,67,8,25.4,3.4,8.6,.395,1.6,4.6,.342,1.8,4.0,.457,.487,2.7,3.6,.760,1.0,4.2,5.2,1.3,0.5,0.1,1.1,1.7,11.1,2018-19
19,Allen Crabbe,SG,26,BRK,43,20,26.3,3.2,8.7,.367,2.3,6.0,.378,0.9,2.7,.342,.499,1.0,1.3,.732,0.4,3.1,3.4,1.1,0.5,0.3,1.1,2.4,9.6,2018-19
20,Mitch Creek,SF,26,BRK,4,0,9.0,1.3,2.5,.500,0.0,0.3,.000,1.3,2.3,.556,.500,1.3,1.8,.714,1.3,1.3,2.5,1.3,0.3,0.0,0.0,0.8,3.8,2018-19
21,Ed Davis,C,29,BRK,81,1,17.9,2.3,3.7,.616,0.0,0.0,.000,2.3,3.7,.620,.616,1.2,2.0,.617,2.7,5.9,8.6,0.8,0.4,0.4,0.8,2.8,5.8,2018-19
22,Spencer Dinwiddie,PG,25,BRK,68,4,28.1,5.4,12.2,.442,1.8,5.4,.335,3.6,6.7,.528,.517,4.2,5.2,.806,0.4,2.1,2.4,4.6,0.6,0.3,2.2,2.8,16.8,2018-19
23,Jared Dudley,PF,33,BRK,59,25,20.7,1.7,4.1,.423,0.9,2.6,.351,0.8,1.5,.545,.533,0.5,0.8,.696,0.6,2.1,2.6,1.4,0.6,0.3,0.7,2.2,4.9,2018-19
24,Kenneth Faried,C,29,BRK,12,0,9.8,2.1,3.5,.595,0.1,0.4,.200,2.0,3.1,.649,.607,0.8,1.3,.625,1.3,2.4,3.7,0.2,0.2,0.3,0.5,0.7,5.1,2018-19
25,Treveon Graham,SG,25,BRK,35,21,20.4,1.8,5.5,.335,1.1,3.7,.297,0.7,1.8,.413,.435,0.5,0.6,.818,0.7,2.4,3.1,1.0,0.4,0.2,0.5,1.9,5.3,2018-19
26,Joe Harris,SG,27,BRK,76,76,30.2,4.9,9.8,.500,2.4,5.1,.474,2.5,4.8,.528,.622,1.4,1.8,.827,0.7,3.1,3.8,2.4,0.5,0.2,1.6,2.4,13.7,2018-19
27,Rondae Hollis-Jefferson,SF,24,BRK,59,21,20.9,3.4,8.3,.411,0.2,0.8,.184,3.2,7.4,.436,.420,2.0,3.1,.645,1.4,3.8,5.3,1.6,0.7,0.5,1.2,1.8,8.9,2018-19
28,Rodions Kurucs,SF,20,BRK,63,46,20.5,3.2,7.1,.450,0.9,2.9,.315,2.3,4.2,.543,.514,1.1,1.5,.783,0.9,3.0,3.9,0.8,0.7,0.4,1.2,2.3,8.5,2018-19
29,Caris LeVert,SF,24,BRK,40,25,26.6,5.2,12.1,.429,1.2,3.9,.312,4.0,8.2,.483,.478,2.1,3.1,.691,0.9,2.9,3.8,3.9,1.1,0.4,1.7,1.9,13.7,2018-19
30,Tahjere McCall,SG,24,BRK,1,0,8.0,2.0,3.0,.667,0.0,1.0,.000,2.0,2.0,1.000,.667,0.0,1.0,.000,0.0,1.0,1.0,0.0,0.0,0.0,0.0,2.0,4.0,2018-19
31,DeMarre Carroll,SG,19,BRK,9,0,4.3,1.0,2.4,.409,0.1,1.1,.100,0.9,1.3,.667,.432,0.0,0.2,.000,0.1,0.4,0.6,0.2,0.2,0.0,0.4,0.1,2.1,2018-19
32,Shabazz Napier,PG,27,BRK,56,2,17.6,3.0,7.8,.389,1.4,4.1,.333,1.7,3.7,.449,.476,2.1,2.5,.833,0.3,1.5,1.8,2.6,0.7,0.3,1.2,1.2,9.4,2018-19
33,Theo Pinson,SG,23,BRK,18,0,11.7,1.4,4.1,.342,0.7,2.6,.261,0.7,1.5,.481,.425,1.1,1.2,.864,0.2,1.8,2.0,1.2,0.3,0.0,1.0,0.8,4.5,2018-19
34,D'Angelo Russell,PG,22,BRK,81,81,30.2,8.1,18.7,.434,2.9,7.8,.369,5.2,10.9,.482,.512,2.0,2.5,.780,0.7,3.2,3.9,7.0,1.2,0.2,3.1,1.7,21.1,2018-19
35,Alan Williams,PF,26,BRK,5,0,5.2,1.6,2.6,.615,0.0,0.2,.000,1.6,2.4,.667,.615,0.4,0.8,.500,0.8,3.0,3.8,0.6,0.2,0.0,0.2,0.4,3.6,2018-19
36,DeVaughn Akoon-Purcell,SG,25,DEN,7,0,3.1,0.4,1.4,.300,0.0,0.6,.000,0.4,0.9,.500,.300,0.1,0.3,.500,0.1,0.4,0.6,0.9,0.3,0.0,0.3,0.6,1.0,2018-19
37,Will Barton,SF,28,DEN,43,38,27.7,4.3,10.7,.402,1.6,4.6,.342,2.7,6.1,.447,.475,1.3,1.7,.770,0.7,3.9,4.6,2.9,0.4,0.5,1.5,1.9,11.5,2018-19
38,Malik Beasley,SG,22,DEN,81,18,23.2,4.3,9.1,.474,2.0,5.0,.402,2.3,4.1,.560,.584,0.7,0.8,.848,0.4,2.0,2.5,1.2,0.7,0.1,0.7,1.4,11.3,2018-19
39,Torrey Craig,SF,28,DEN,75,37,20.0,2.1,4.8,.442,0.8,2.5,.324,1.3,2.3,.569,.526,0.7,0.9,.700,1.2,2.3,3.5,1.0,0.5,0.6,0.6,2.3,5.7,2018-19
40,Brandon Goodwin,PG,23,DEN,16,0,3.6,0.4,1.4,.261,0.1,0.4,.333,0.3,1.1,.235,.304,0.6,0.7,.818,0.1,0.1,0.2,0.9,0.0,0.0,0.2,0.4,1.4,2018-19
41,Gary Harris,SG,24,DEN,57,48,28.8,4.7,11.2,.424,1.4,4.2,.339,3.3,6.9,.476,.488,2.0,2.5,.799,0.7,2.1,2.8,2.2,1.0,0.3,1.2,2.0,12.9,2018-19
42,Juan Hernangómez,PF,23,DEN,70,25,19.4,2.0,4.5,.439,0.9,2.6,.365,1.0,1.9,.541,.545,0.9,1.2,.767,0.9,2.9,3.8,0.8,0.4,0.3,0.5,1.3,5.8,2018-19
43,Nikola Jokić,C,23,DEN,80,80,31.3,7.7,15.1,.511,1.0,3.4,.307,6.7,11.7,.569,.545,3.6,4.4,.821,2.9,8.0,10.8,7.3,1.4,0.7,3.1,2.9,20.1,2018-19
44,Tyler Lydon,PF,22,DEN,25,0,3.8,0.4,0.7,.500,0.2,0.4,.400,0.2,0.3,.625,.611,0.0,0.1,.333,0.3,0.4,0.7,0.2,0.1,0.0,0.2,0.4,0.9,2018-19
45,Trey Lyles,PF,23,DEN,64,2,17.5,3.2,7.7,.418,0.8,3.1,.255,2.4,4.6,.529,.470,1.3,1.8,.698,0.7,3.2,3.8,1.4,0.5,0.4,1.1,1.5,8.5,2018-19
46,Paul Millsap,PF,33,DEN,70,65,27.1,4.6,9.5,.484,0.8,2.3,.365,3.8,7.2,.522,.528,2.6,3.6,.727,2.2,5.0,7.2,2.0,1.2,0.8,1.4,2.6,12.6,2018-19
47,Monte Morris,PG,23,DEN,82,6,24.0,4.2,8.6,.493,1.1,2.8,.414,3.1,5.8,.531,.560,0.8,1.0,.802,0.4,1.9,2.4,3.6,0.9,0.0,0.6,1.2,10.4,2018-19
48,Jamal Murray,PG,21,DEN,75,74,32.6,6.8,15.6,.437,2.0,5.5,.367,4.8,10.1,.476,.502,2.5,3.0,.848,0.9,3.4,4.2,4.8,0.9,0.4,2.1,2.0,18.2,2018-19
49,Mason Plumlee,C,28,DEN,82,17,21.1,3.2,5.4,.593,0.0,0.1,.200,3.2,5.3,.602,.595,1.4,2.4,.561,2.0,4.4,6.4,3.0,0.8,0.9,1.5,3.1,7.8,2018-19
50,Isaiah Thomas,SG,29,DEN,12,0,15.1,2.8,8.3,.343,1.0,3.6,.279,1.8,4.7,.393,.404,1.4,2.3,.630,0.4,0.7,1.1,1.9,0.4,0.1,1.5,1.4,8.1,2018-19
51,Jarred Vanderbilt,PF,19,DEN,17,0,4.1,0.5,1.1,.474,0.0,0.1,.000,0.5,1.1,.500,.474,0.4,0.6,.600,0.4,0.9,1.4,0.2,0.4,0.1,0.5,0.5,1.4,2018-19
52,Thomas Welsh,C,22,DEN,11,0,3.3,0.6,1.2,.538,0.3,0.6,.429,0.4,0.5,.667,.654,0.1,0.2,.500,0.0,0.4,0.4,0.5,0.0,0.0,0.1,0.3,1.6,2018-19
53,Nick Young,SG,33,DEN,4,0,9.3,0.8,2.3,.333,0.8,2.0,.375,0.0,0.3,.000,.500,0.0,0.0,,0.0,0.3,0.3,0.5,0.0,0.3,0.5,1.0,2.3,2018-19
54,Bruce Brown,SG,22,DET,74,56,19.6,1.7,4.2,.398,0.3,1.3,.258,1.4,3.0,.457,.436,0.6,0.8,.750,0.6,1.9,2.5,1.2,0.5,0.5,0.6,2.4,4.3,2018-19
55,Reggie Bullock,SG,27,DET,44,44,30.8,4.1,10.0,.413,2.6,6.7,.388,1.5,3.3,.463,.542,1.3,1.5,.875,0.5,2.3,2.8,2.5,0.5,0.1,1.2,1.8,12.1,2018-19
56,José Calderón,PG,37,DET,49,0,12.9,0.9,2.4,.375,0.3,1.2,.246,0.6,1.3,.492,.433,0.2,0.2,.818,0.2,1.0,1.2,2.3,0.3,0.1,0.7,1.3,2.3,2018-19
57,Andre Drummond,C,25,DET,79,79,33.5,7.1,13.3,.533,0.1,0.5,.132,7.0,12.8,.548,.536,3.1,5.2,.590,5.4,10.2,15.6,1.4,1.7,1.7,2.2,3.4,17.3,2018-19
58,Henry Ellenson,PF,22,DET,2,0,12.5,2.0,5.0,.400,1.0,2.0,.500,1.0,3.0,.333,.500,1.0,1.0,1.000,0.0,4.5,4.5,0.5,0.0,0.0,0.0,1.0,6.0,2018-19
59,Wayne Ellington,SG,31,DET,28,26,27.3,4.1,9.8,.421,2.9,7.8,.373,1.2,2.0,.607,.570,0.9,1.2,.758,0.3,1.9,2.1,1.5,1.1,0.1,0.9,1.9,12.0,2018-19
60,Langston Galloway,SG,27,DET,80,4,21.8,2.9,7.3,.388,1.7,4.8,.355,1.2,2.6,.449,.503,1.0,1.2,.844,0.6,1.5,2.1,1.1,0.5,0.1,0.3,1.7,8.4,2018-19
61,Blake Griffin,PF,29,DET,75,75,35.0,8.3,17.9,.462,2.5,7.0,.362,5.7,10.9,.525,.532,5.5,7.3,.753,1.3,6.2,7.5,5.4,0.7,0.4,3.4,2.7,24.5,2018-19
62,Reggie Jackson,PG,28,DET,82,82,27.9,5.4,12.8,.421,2.1,5.7,.369,3.3,7.0,.464,.504,2.5,2.9,.864,0.5,2.1,2.6,4.2,0.7,0.1,1.8,2.5,15.4,2018-19
63,Stanley Johnson,SF,22,DET,48,7,20.0,2.8,7.3,.381,1.1,3.8,.282,1.7,3.5,.488,.454,0.9,1.1,.804,0.5,3.1,3.6,1.3,1.0,0.3,1.1,1.9,7.5,2018-19
64,Luke Kennard,SG,22,DET,63,10,22.8,3.6,8.3,.438,1.7,4.3,.394,1.9,4.0,.486,.540,0.8,1.0,.836,0.2,2.7,2.9,1.8,0.4,0.2,0.9,1.5,9.7,2018-19
65,Jon Leuer,PF,29,DET,41,1,9.8,1.6,2.8,.584,0.0,0.3,.091,1.6,2.5,.637,.588,0.6,0.8,.742,0.7,1.7,2.4,0.3,0.3,0.1,0.6,1.5,3.8,2018-19
66,Zach Lofton,SG,26,DET,1,0,4.0,0.0,1.0,.000,0.0,1.0,.000,0.0,0.0,,.000,0.0,0.0,,0.0,0.0,0.0,0.0,1.0,0.0,1.0,0.0,0.0,2018-19
67,Kalin Lucas,PG,29,DET,1,0,6.0,0.0,1.0,.000,0.0,1.0,.000,0.0,0.0,,.000,2.0,2.0,1.000,0.0,3.0,3.0,1.0,0.0,0.0,0.0,1.0,2.0,2018-19
68,Thon Maker,PF,21,DET,29,5,19.4,1.7,4.6,.373,0.8,2.6,.307,0.9,2.0,.458,.459,1.2,1.6,.766,0.8,2.8,3.7,0.9,0.4,1.1,0.8,1.7,5.5,2018-19
69,Sviatoslav Mykhailiuk,SF,21,DET,3,0,6.7,0.7,2.7,.250,0.7,1.3,.500,0.0,1.3,.000,.375,0.0,0.0,,0.3,0.3,0.7,1.3,0.3,0.0,0.3,0.0,2.0,2018-19
70,Zaza Pachulia,C,34,DET,68,3,12.9,1.3,2.8,.440,0.0,0.1,.000,1.3,2.8,.450,.440,1.4,1.8,.782,1.5,2.4,3.9,1.3,0.5,0.3,0.8,2.2,3.9,2018-19
71,Glenn Robinson III,SF,25,DET,47,18,13.0,1.6,3.7,.420,0.4,1.3,.290,1.2,2.4,.491,.472,0.7,0.9,.800,0.4,1.1,1.5,0.4,0.3,0.2,0.4,1.0,4.2,2018-19
72,Ish Smith,PG,30,DET,56,0,22.3,3.7,8.7,.419,0.8,2.4,.326,2.9,6.3,.455,.464,0.8,1.1,.758,0.4,2.2,2.6,3.6,0.5,0.2,1.1,1.9,8.9,2018-19
73,Khyri Thomas,SG,22,DET,26,0,7.5,0.8,2.7,.319,0.4,1.3,.286,0.5,1.3,.353,.391,0.3,0.4,.636,0.2,0.6,0.8,0.3,0.3,0.2,0.2,0.8,2.3,2018-19
74,Jordan Bell,C,24,GSW,68,3,11.6,1.5,2.8,.516,0.0,0.0,.000,1.5,2.8,.521,.516,0.4,0.6,.610,0.8,1.9,2.7,1.1,0.3,0.8,0.6,1.2,3.3,2018-19
75,Andrew Bogut,C,34,GSW,11,5,12.2,1.6,3.3,.500,0.0,0.0,,1.6,3.3,.500,.500,0.3,0.3,1.000,1.1,3.9,5.0,1.0,0.3,0.7,0.7,2.0,3.5,2018-19
76,Quinn Cook,PG,25,GSW,74,10,14.3,2.8,5.9,.465,1.1,2.7,.405,1.7,3.2,.515,.557,0.3,0.4,.769,0.3,1.8,2.1,1.6,0.3,0.0,0.7,1.2,6.9,2018-19
77,DeMarcus Cousins,C,28,GSW,30,30,25.7,5.9,12.4,.480,0.9,3.2,.274,5.1,9.2,.551,.515,3.5,4.8,.736,1.4,6.8,8.2,3.6,1.3,1.5,2.4,3.6,16.3,2018-19
78,Stephen Curry,PG,30,GSW,69,69,33.8,9.2,19.4,.472,5.1,11.7,.437,4.0,7.7,.525,.604,3.8,4.2,.916,0.7,4.7,5.3,5.2,1.3,0.4,2.8,2.4,27.3,2018-19
79,Marcus Derrickson,PF,22,GSW,11,0,6.1,1.5,3.0,.485,0.9,1.8,.500,0.5,1.2,.462,.636,0.4,0.5,.800,0.7,0.5,1.2,0.1,0.0,0.1,0.3,0.8,4.2,2018-19
80,Kevin Durant,SF,30,GSW,78,78,34.6,9.2,17.7,.521,1.8,5.0,.353,7.5,12.8,.587,.571,5.7,6.5,.885,0.4,5.9,6.4,5.9,0.7,1.1,2.9,2.0,26.0,2018-19
81,Jacob Evans,SG,21,GSW,30,1,6.8,0.6,1.8,.340,0.1,0.5,.267,0.5,1.3,.368,.377,0.0,0.0,.000,0.2,0.6,0.8,0.8,0.2,0.1,0.4,0.9,1.3,2018-19
82,Draymond Green,PF,28,GSW,66,66,31.3,2.8,6.4,.445,0.7,2.5,.285,2.1,3.9,.549,.501,1.0,1.4,.692,0.9,6.4,7.3,6.9,1.4,1.1,2.6,3.0,7.4,2018-19
83,Andre Iguodala,SF,35,GSW,68,13,23.2,2.2,4.4,.500,0.7,2.1,.333,1.5,2.3,.652,.579,0.6,1.0,.582,0.7,3.0,3.7,3.2,0.9,0.8,0.8,1.4,5.7,2018-19
84,Jonas Jerebko,PF,31,GSW,73,6,16.7,2.2,4.9,.459,0.9,2.6,.367,1.3,2.3,.563,.556,0.9,1.1,.800,1.0,3.0,3.9,1.3,0.4,0.2,0.6,1.9,6.3,2018-19
85,Damian Jones,C,23,GSW,24,22,17.1,2.2,3.1,.716,0.0,0.0,,2.2,3.1,.716,.716,1.0,1.5,.649,1.3,1.8,3.1,1.2,0.5,1.0,0.7,2.6,5.4,2018-19
86,Damion Lee,SG,26,GSW,32,0,11.7,1.8,4.0,.441,0.8,2.1,.397,0.9,1.8,.492,.547,0.6,0.7,.864,0.3,1.8,2.0,0.4,0.4,0.0,0.3,0.9,4.9,2018-19
87,Shaun Livingston,PG,33,GSW,64,0,15.1,1.7,3.3,.519,0.0,0.0,.000,1.7,3.3,.524,.519,0.6,0.8,.784,0.7,1.2,1.8,1.8,0.5,0.4,0.6,1.2,4.0,2018-19
88,Kevon Looney,C,22,GSW,80,24,18.5,2.7,4.3,.625,0.0,0.1,.100,2.7,4.2,.641,.627,0.8,1.3,.619,2.4,2.8,5.2,1.5,0.6,0.7,0.6,2.6,6.3,2018-19
89,Alfonzo McKinnie,SF,26,GSW,72,5,13.9,1.9,3.8,.487,0.6,1.6,.356,1.3,2.2,.586,.564,0.4,0.7,.563,1.1,2.3,3.4,0.4,0.3,0.2,0.4,1.9,4.7,2018-19
90,Klay Thompson,SG,28,GSW,78,78,34.0,8.4,18.0,.467,3.1,7.7,.402,5.3,10.3,.516,.553,1.7,2.0,.816,0.5,3.4,3.8,2.4,1.1,0.6,1.5,2.0,21.5,2018-19
91,Carmelo Anthony,PF,34,HOU,10,2,29.4,4.9,12.1,.405,2.1,6.4,.328,2.8,5.7,.491,.492,1.5,2.2,.682,0.9,4.5,5.4,0.5,0.4,0.7,0.8,3.2,13.4,2018-19
92,Clint Capela,C,24,HOU,67,67,33.6,7.1,10.9,.648,0.0,0.0,,7.1,10.9,.648,.648,2.5,3.9,.636,4.4,8.2,12.7,1.4,0.7,1.5,1.4,2.5,16.6,2018-19
93,Michael Carter-Williams,PG,27,HOU,16,1,9.1,1.6,3.8,.410,0.4,1.2,.368,1.1,2.6,.429,.467,0.8,1.6,.462,0.2,0.6,0.8,1.3,0.6,0.4,0.6,1.7,4.3,2018-19
94,Chris Chiozza,PG,23,HOU,7,0,4.7,0.3,1.1,.250,0.3,0.7,.400,0.0,0.4,.000,.375,0.0,0.0,,0.1,0.4,0.6,0.6,0.1,0.1,0.1,0.3,0.9,2018-19
95,Marquese Chriss,PF,21,HOU,16,0,6.5,0.7,2.1,.324,0.1,0.9,.067,0.6,1.2,.526,.338,0.4,0.4,.857,0.4,1.3,1.8,0.4,0.1,0.3,0.8,1.1,1.8,2018-19
96,Gary Clark,PF,24,HOU,51,2,12.6,1.0,3.0,.331,0.8,2.7,.297,0.2,0.3,.692,.467,0.1,0.1,1.000,0.5,1.8,2.3,0.4,0.4,0.5,0.1,0.9,2.9,2018-19
97,Vince Edwards,SF,22,HOU,2,0,8.0,0.5,2.0,.250,0.5,2.0,.250,0.0,0.0,,.375,0.0,0.0,,0.5,0.5,1.0,0.0,0.0,0.0,0.0,0.0,1.5,2018-19
98,James Ennis,SF,28,HOU,40,25,23.7,2.6,5.3,.493,1.1,3.0,.367,1.5,2.3,.659,.597,1.1,1.5,.724,0.9,2.0,2.9,0.7,1.0,0.4,0.6,2.8,7.4,2018-19
99,Kenneth Faried,C,29,HOU,25,13,24.4,5.2,8.9,.587,0.3,0.8,.350,5.0,8.1,.611,.603,2.2,3.3,.651,3.3,5.0,8.2,0.7,0.6,0.8,1.1,3.0,12.9,2018-19
100,Eric Gordon,SG,30,HOU,68,53,31.7,5.6,13.8,.409,3.2,8.8,.360,2.5,5.0,.497,.525,1.8,2.2,.783,0.3,1.9,2.2,1.9,0.6,0.4,1.3,2.1,16.2,2018-19
101,Gerald Green,SG,33,HOU,73,0,20.2,3.2,7.9,.400,2.1,6.0,.354,1.0,1.9,.547,.535,0.8,0.9,.838,0.4,2.1,2.5,0.5,0.5,0.4,0.8,1.7,9.2,2018-19
102,James Harden,PG,29,HOU,78,78,36.8,10.8,24.5,.442,4.8,13.2,.368,6.0,11.3,.528,.541,9.7,11.0,.879,0.8,5.8,6.6,7.5,2.0,0.7,5.0,3.1,36.1,2018-19
103,Isaiah Hartenstein,PF,20,HOU,28,0,7.9,0.7,1.5,.488,0.1,0.2,.333,0.6,1.3,.514,.512,0.4,0.5,.786,0.8,0.9,1.7,0.5,0.3,0.4,0.5,2.0,1.9,2018-19
104,Nenê Hilário,C,36,HOU,42,2,13.0,1.4,2.8,.517,0.0,0.1,.000,1.4,2.7,.531,.517,0.7,1.1,.660,0.8,2.1,2.9,0.6,0.4,0.4,0.3,2.1,3.6,2018-19
105,Danuel House,SF,25,HOU,39,13,25.1,3.0,6.5,.468,1.9,4.6,.416,1.1,1.9,.595,.615,1.4,1.8,.789,0.6,2.9,3.6,1.0,0.5,0.3,0.9,2.1,9.4,2018-19
106,Terrence Jones,PF,27,HOU,2,0,2.5,0.5,2.0,.250,0.0,1.0,.000,0.5,1.0,.500,.250,0.0,0.5,.000,0.0,2.0,2.0,0.0,0.0,0.0,0.5,0.5,1.0,2018-19
107,Brandon Knight,PG,27,HOU,12,0,9.8,0.9,3.9,.234,0.4,2.7,.156,0.5,1.3,.400,.287,0.8,0.9,.818,0.1,0.7,0.8,0.8,0.2,0.0,0.4,1.2,3.0,2018-19
108,James Nunnally,SF,28,HOU,2,0,19.0,1.5,6.5,.231,1.5,6.0,.250,0.0,0.5,.000,.346,0.0,0.0,,0.0,0.5,0.5,1.0,0.0,0.0,0.0,3.0,4.5,2018-19
109,Chris Paul,PG,33,HOU,58,58,32.0,5.2,12.4,.419,2.2,6.1,.358,3.0,6.3,.479,.508,3.0,3.5,.862,0.6,3.9,4.6,8.2,2.0,0.3,2.6,2.5,15.6,2018-19
110,Zhou Qi,PF,23,HOU,1,0,1.0,1.0,1.0,1.000,0.0,0.0,,1.0,1.0,1.000,1.000,0.0,0.0,,0.0,0.0,0.0,0.0,0.0,0.0,0.0,0.0,2.0,2018-19
111,Austin Rivers,SG,26,HOU,47,13,28.6,3.3,8.0,.413,1.5,4.7,.321,1.8,3.3,.541,.507,0.5,1.0,.510,0.3,1.6,1.9,2.3,0.6,0.3,0.7,2.9,8.7,2018-19
112,Iman Shumpert,SG,28,HOU,20,1,19.1,1.7,4.9,.347,1.1,3.6,.296,0.7,1.4,.481,.454,0.1,0.2,.500,0.4,2.3,2.7,1.1,0.6,0.2,0.6,1.8,4.6,2018-19
113,P.J. Tucker,PF,33,HOU,82,82,34.2,2.5,6.4,.396,1.8,4.7,.377,0.7,1.7,.449,.535,0.5,0.7,.695,1.5,4.4,5.8,1.2,1.6,0.5,0.8,3.1,7.3,2018-19
114,Ike Anigbogu,C,20,IND,3,0,2.0,0.0,1.0,.000,0.0,0.0,,0.0,1.0,.000,.000,0.0,0.0,,0.3,0.7,1.0,0.3,0.0,0.3,0.3,0.0,0.0,2018-19
115,Bojan Bogdanović,SF,29,IND,81,81,31.8,6.4,13.0,.497,2.0,4.8,.425,4.4,8.2,.538,.575,3.0,3.8,.807,0.4,3.7,4.1,2.0,0.9,0.0,1.7,1.7,18.0,2018-19
116,Darren Collison,PG,31,IND,76,76,28.2,4.1,8.7,.467,1.0,2.6,.407,3.0,6.1,.492,.527,2.1,2.5,.832,0.5,2.6,3.1,6.0,1.4,0.1,1.6,1.8,11.2,2018-19
117,Tyreke Evans,SG,29,IND,69,18,20.3,3.7,9.6,.389,1.1,3.1,.356,2.6,6.4,.405,.448,1.7,2.3,.719,0.5,2.4,2.9,2.4,0.8,0.3,1.7,1.7,10.2,2018-19
118,Aaron Holiday,PG,22,IND,50,0,12.9,2.1,5.2,.401,0.9,2.5,.339,1.2,2.7,.459,.483,0.8,1.0,.820,0.1,1.2,1.3,1.7,0.4,0.3,0.8,1.4,5.9,2018-19
119,Alize Johnson,PF,22,IND,14,0,4.6,0.3,1.1,.250,0.1,0.1,.500,0.2,1.0,.214,.281,0.3,0.6,.500,0.3,1.1,1.4,0.1,0.1,0.2,0.0,0.5,0.9,2018-19
120,Cory Joseph,PG,27,IND,82,9,25.2,2.8,6.7,.412,0.7,2.1,.322,2.1,4.6,.454,.463,0.4,0.5,.698,0.5,2.9,3.4,3.9,1.1,0.3,1.0,1.6,6.5,2018-19
121,T.J. Leaf,PF,21,IND,58,1,9.0,1.7,3.2,.541,0.1,0.5,.258,1.6,2.6,.599,.563,0.3,0.5,.613,0.7,1.4,2.2,0.4,0.2,0.3,0.2,0.6,3.9,2018-19
122,Wesley Matthews,SG,32,IND,23,23,31.5,3.5,9.1,.386,2.1,5.7,.369,1.4,3.5,.413,.500,1.8,2.1,.854,0.5,2.3,2.8,2.4,0.9,0.2,1.3,2.4,10.9,2018-19
123,Doug McDermott,SF,27,IND,77,1,17.4,2.7,5.5,.491,1.1,2.7,.408,1.6,2.8,.569,.590,0.9,1.0,.835,0.2,1.2,1.4,0.9,0.2,0.1,0.5,1.4,7.3,2018-19
124,Kyle O'Quinn,C,28,IND,45,3,8.2,1.5,3.0,.507,0.0,0.3,.083,1.5,2.8,.548,.511,0.4,0.5,.810,0.6,2.0,2.6,1.2,0.2,0.6,0.7,1.5,3.5,2018-19
125,Victor Oladipo,SG,26,IND,36,36,31.9,6.9,16.3,.423,2.1,6.0,.343,4.9,10.3,.470,.486,2.9,3.9,.730,0.6,5.0,5.6,5.2,1.7,0.3,2.3,2.0,18.8,2018-19
126,Davon Reed,SG,23,IND,10,0,4.7,0.5,1.2,.417,0.2,0.4,.500,0.3,0.8,.375,.500,0.0,0.0,,0.2,0.4,0.6,0.3,0.1,0.0,0.1,0.3,1.2,2018-19
127,Domantas Sabonis,C,22,IND,74,5,24.8,5.6,9.5,.590,0.1,0.2,.529,5.5,9.2,.592,.596,2.8,3.9,.715,2.5,6.8,9.3,2.9,0.6,0.4,2.2,3.2,14.1,2018-19
128,Edmond Sumner,PG,23,IND,23,2,9.1,1.0,2.8,.344,0.3,1.2,.259,0.7,1.6,.405,.398,0.7,1.0,.625,0.4,0.7,1.0,0.4,0.5,0.2,0.4,1.1,2.9,2018-19
129,Myles Turner,C,22,IND,74,74,28.6,5.1,10.5,.487,1.0,2.6,.388,4.1,7.9,.521,.536,2.0,2.7,.736,1.4,5.8,7.2,1.6,0.8,2.7,1.4,2.6,13.3,2018-19
130,Thaddeus Young,PF,30,IND,81,81,30.7,5.5,10.4,.527,0.6,1.8,.349,4.8,8.6,.564,.557,1.1,1.7,.644,2.4,4.1,6.5,2.5,1.5,0.4,1.5,2.4,12.6,2018-19
131,Patrick Beverley,PG,30,LAC,78,49,27.4,2.5,6.1,.407,1.4,3.6,.397,1.1,2.5,.421,.524,1.2,1.6,.780,1.0,4.0,5.0,3.8,0.9,0.6,1.1,3.4,7.6,2018-19
132,Avery Bradley,SG,28,LAC,49,49,29.9,3.3,8.6,.383,1.2,3.5,.337,2.1,5.1,.415,.452,0.4,0.5,.800,0.7,2.0,2.7,2.0,0.6,0.3,1.2,2.7,8.2,2018-19
133,Wilson Chandler,SF,31,LAC,15,1,15.1,1.5,4.4,.348,0.9,2.7,.325,0.7,1.7,.385,.447,0.3,0.5,.714,0.3,2.9,3.1,0.7,0.2,0.2,0.5,1.9,4.3,2018-19
134,Danilo Gallinari,C,24,LAC,2,0,7.5,0.5,2.5,.200,0.0,0.0,,0.5,2.5,.200,.200,0.5,1.0,.500,1.0,1.0,2.0,0.0,0.5,0.0,0.0,1.0,1.5,2018-19
135,Danilo Gallinari,SF,30,LAC,68,68,30.3,6.0,13.0,.463,2.4,5.5,.433,3.6,7.5,.484,.554,5.4,6.0,.904,0.8,5.3,6.1,2.6,0.7,0.3,1.5,1.9,19.8,2018-19
136,Shai Gilgeous-Alexander,PG,20,LAC,82,73,26.5,4.2,8.7,.476,0.6,1.7,.367,3.5,7.0,.503,.512,1.9,2.4,.800,0.7,2.1,2.8,3.3,1.2,0.5,1.7,2.1,10.8,2018-19
137,Marcin Gortat,C,34,LAC,47,43,16.0,2.1,4.0,.532,0.0,0.0,,2.1,4.0,.532,.532,0.7,1.0,.729,1.4,4.1,5.6,1.4,0.1,0.5,1.1,2.0,5.0,2018-19
138,JaMychal Green,PF,28,LAC,24,2,19.6,3.3,6.8,.482,1.4,3.3,.413,1.9,3.5,.548,.582,0.7,0.9,.810,1.3,5.2,6.5,0.6,0.5,0.3,1.0,2.9,8.7,2018-19
139,Montrezl Harrell,C,25,LAC,82,5,26.3,6.7,10.8,.615,0.0,0.2,.176,6.6,10.6,.623,.617,3.2,5.0,.643,2.2,4.3,6.5,2.0,0.9,1.3,1.6,3.1,16.6,2018-19
140,Tobias Harris,PF,26,LAC,55,55,34.6,7.7,15.5,.496,2.0,4.7,.434,5.7,10.9,.523,.561,3.5,4.0,.877,0.7,7.2,7.9,2.7,0.7,0.4,2.0,2.2,20.9,2018-19
141,Boban Marjanović,C,30,LAC,36,9,10.4,2.4,3.9,.607,0.0,0.1,.000,2.4,3.8,.616,.607,2.0,2.6,.758,1.5,2.7,4.2,0.6,0.3,0.5,1.0,1.6,6.7,2018-19
142,Luc Mbah a Moute,PF,32,LAC,4,0,15.3,2.0,4.5,.444,0.5,1.5,.333,1.5,3.0,.500,.500,0.5,1.3,.400,0.5,1.3,1.8,0.5,0.3,0.3,0.5,2.0,5.0,2018-19
143,Johnathan Motley,PF,23,LAC,22,0,7.1,1.8,3.3,.534,0.0,0.1,.000,1.8,3.2,.557,.534,1.1,1.8,.600,0.8,1.5,2.3,0.5,0.2,0.1,0.7,1.2,4.6,2018-19
144,Jerome Robinson,SG,21,LAC,33,0,9.7,1.3,3.3,.400,0.5,1.7,.316,0.8,1.6,.491,.482,0.2,0.3,.667,0.1,1.2,1.2,0.6,0.3,0.1,0.4,1.4,3.4,2018-19
145,Mike Scott,PF,30,LAC,52,0,14.4,1.8,4.4,.400,1.0,2.6,.391,0.8,1.9,.412,.513,0.2,0.3,.667,0.5,2.9,3.3,0.8,0.3,0.2,0.5,1.7,4.8,2018-19
146,Landry Shamet,SG,21,LAC,25,23,27.8,3.5,8.4,.414,2.7,6.0,.450,0.8,2.4,.322,.576,1.2,1.6,.795,0.3,2.0,2.2,2.3,0.5,0.1,0.8,2.0,10.9,2018-19
147,Garrett Temple,SG,32,LAC,26,6,19.6,1.6,4.1,.396,0.6,2.1,.296,1.0,2.0,.500,.472,0.9,1.2,.742,0.4,2.1,2.5,1.4,1.0,0.2,0.6,2.7,4.7,2018-19
148,Miloš Teodosić,PG,31,LAC,15,0,10.0,1.1,2.7,.425,0.7,1.8,.370,0.5,0.9,.538,.550,0.3,0.5,.571,0.2,0.9,1.1,2.1,0.2,0.1,1.4,1.8,3.2,2018-19
149,Sindarius Thornwell,SG,24,LAC,64,1,4.9,0.3,0.8,.347,0.0,0.2,.200,0.2,0.5,.412,.378,0.4,0.5,.735,0.1,0.6,0.7,0.3,0.2,0.1,0.3,0.6,1.0,2018-19
150,Tyrone Wallace,PG,24,LAC,62,0,10.1,1.5,3.5,.424,0.1,0.3,.211,1.4,3.2,.444,.433,0.5,0.9,.526,0.3,1.3,1.6,0.7,0.3,0.1,0.6,1.3,3.5,2018-19
151,Lou Williams,SG,32,LAC,75,1,26.6,6.5,15.2,.425,1.4,3.9,.361,5.1,11.3,.447,.471,5.7,6.5,.876,0.5,2.4,3.0,5.4,0.8,0.1,2.4,1.1,20.0,2018-19
152,Ivica Zubac,C,21,LAC,26,25,20.2,3.8,7.2,.538,0.0,0.0,,3.8,7.2,.538,.538,1.7,2.3,.733,2.3,5.3,7.7,1.5,0.4,0.9,1.4,2.5,9.4,2018-19
153,Giannis Antetokounmpo,PF,24,MIL,72,72,32.8,10.0,17.3,.578,0.7,2.8,.256,9.3,14.5,.641,.599,6.9,9.5,.729,2.2,10.3,12.5,5.9,1.3,1.5,3.7,3.2,27.7,2018-19
154,Eric Bledsoe,PG,29,MIL,78,78,29.1,6.0,12.4,.484,1.6,4.8,.329,4.4,7.6,.582,.548,2.3,3.0,.750,1.1,3.6,4.6,5.5,1.5,0.4,2.1,2.0,15.9,2018-19
155,Malcolm Brogdon,SG,26,MIL,64,64,28.6,5.9,11.7,.505,1.6,3.8,.426,4.3,7.9,.544,.575,2.2,2.4,.928,1.0,3.5,4.5,3.2,0.7,0.2,1.4,1.6,15.6,2018-19
156,Sterling Brown,SG,23,MIL,58,7,17.8,2.5,5.4,.465,0.9,2.5,.361,1.6,2.8,.558,.550,0.5,0.7,.690,0.5,2.7,3.2,1.4,0.4,0.1,0.8,1.5,6.4,2018-19
157,Isaiah Canaan,PG,27,MIL,4,0,7.8,0.5,1.5,.333,0.5,1.3,.400,0.0,0.3,.000,.500,0.0,0.0,,0.3,0.8,1.0,0.8,0.0,0.3,0.5,0.5,1.5,2018-19
158,Bonzie Colson,SF,23,MIL,8,2,12.3,1.6,4.9,.333,0.6,2.6,.238,1.0,2.3,.444,.397,1.0,1.1,.889,1.0,2.8,3.8,0.4,0.6,0.1,0.4,0.4,4.9,2018-19
159,Pat Connaughton,SG,26,MIL,61,2,20.7,2.7,5.7,.466,1.1,3.3,.330,1.6,2.5,.647,.560,0.5,0.7,.725,1.0,3.2,4.2,2.0,0.5,0.4,0.5,1.3,6.9,2018-19
160,Matthew Dellavedova,PG,28,MIL,12,0,8.1,0.5,1.6,.316,0.3,0.9,.364,0.2,0.7,.250,.421,0.3,0.3,1.000,0.0,0.8,0.8,2.4,0.2,0.0,0.9,0.8,1.7,2018-19
161,Donte DiVincenzo,SG,22,MIL,27,0,15.2,1.9,4.6,.403,0.8,3.1,.265,1.0,1.5,.683,.492,0.3,0.4,.750,0.6,1.8,2.4,1.1,0.5,0.2,0.7,1.4,4.9,2018-19
162,Trevon Duval,PG,20,MIL,3,0,2.0,0.7,1.0,.667,0.3,0.3,1.000,0.3,0.7,.500,.833,0.0,0.0,,0.0,0.3,0.3,0.7,0.0,0.0,0.0,0.0,1.7,2018-19
163,Tim Frazier,PG,28,MIL,12,2,17.6,2.3,5.5,.424,0.8,2.0,.417,1.5,3.5,.429,.500,0.8,1.1,.692,0.8,1.8,2.6,3.5,0.4,0.1,1.3,1.6,6.3,2018-19
164,Pau Gasol,C,38,MIL,3,0,10.0,0.3,2.0,.167,0.3,1.0,.333,0.0,1.0,.000,.250,0.3,0.7,.500,0.0,3.3,3.3,0.7,0.0,0.3,0.7,0.3,1.3,2018-19
165,John Henson,C,28,MIL,14,0,13.4,2.2,4.8,.463,0.8,2.2,.355,1.4,2.6,.556,.545,0.4,0.7,.600,1.1,3.9,5.1,1.0,0.5,0.8,0.9,1.1,5.6,2018-19
166,George Hill,PG,32,MIL,47,0,20.4,2.4,5.7,.428,0.7,2.7,.280,1.7,3.1,.556,.493,1.1,1.4,.815,0.6,2.0,2.6,2.1,0.9,0.1,0.7,1.4,6.8,2018-19
167,Ersan İlyasova,PF,31,MIL,67,7,18.4,2.5,5.7,.438,0.9,2.4,.363,1.6,3.3,.493,.514,0.9,1.1,.824,1.4,3.1,4.5,0.8,0.5,0.3,0.7,2.6,6.8,2018-19
168,Brook Lopez,C,30,MIL,81,81,28.7,4.4,9.7,.452,2.3,6.3,.365,2.1,3.4,.613,.571,1.4,1.6,.842,0.4,4.5,4.9,1.2,0.6,2.2,1.0,2.3,12.5,2018-19
169,Thon Maker,C,21,MIL,35,0,11.7,1.7,3.8,.440,0.7,2.2,.333,0.9,1.6,.589,.537,0.6,1.1,.541,0.5,2.3,2.7,0.5,0.3,0.5,0.3,1.6,4.7,2018-19
170,Khris Middleton,SF,27,MIL,77,77,31.1,6.6,14.9,.441,2.3,6.2,.378,4.2,8.8,.485,.519,2.8,3.4,.837,0.6,5.3,6.0,4.3,1.0,0.1,2.3,2.2,18.3,2018-19
171,Nikola Mirotić,PF,27,MIL,14,3,22.9,4.0,9.6,.415,2.2,6.2,.356,1.8,3.4,.521,.530,1.4,1.6,.870,1.0,4.4,5.4,1.4,0.7,0.6,0.8,1.5,11.6,2018-19
172,Jaylen Morris,SG,23,MIL,4,0,7.3,1.0,2.5,.400,0.3,0.8,.333,0.8,1.8,.429,.450,0.3,0.5,.500,0.0,1.3,1.3,1.0,0.5,0.0,0.3,0.3,2.5,2018-19
173,Jason Smith,PF,32,MIL,6,0,6.7,0.7,2.2,.308,0.5,1.5,.333,0.2,0.7,.250,.423,0.3,0.3,1.000,0.5,1.3,1.8,0.2,0.3,0.3,0.8,1.0,2.2,2018-19
174,Tony Snell,SF,27,MIL,74,12,17.6,2.2,4.9,.452,1.1,2.8,.397,1.1,2.1,.522,.564,0.5,0.6,.881,0.4,1.7,2.1,0.9,0.4,0.2,0.3,1.2,6.0,2018-19
175,D.J. Wilson,PF,22,MIL,48,3,18.4,2.2,5.2,.414,1.0,2.6,.362,1.2,2.6,.468,.506,0.5,1.0,.553,0.9,3.7,4.6,1.1,0.4,0.4,0.7,1.8,5.8,2018-19
176,Christian Wood,PF,23,MIL,13,0,4.8,0.9,1.9,.480,0.2,0.4,.600,0.7,1.5,.450,.540,0.8,1.2,.667,0.3,1.2,1.5,0.2,0.0,0.0,0.2,0.2,2.8,2018-19
177,Tyler Davis,SG,25,OKC,31,2,19.0,1.8,5.1,.357,1.3,4.1,.323,0.5,1.0,.500,.487,0.4,0.4,.923,0.2,1.4,1.5,0.6,0.5,0.2,0.5,1.7,5.3,2018-19
178,Steven Adams,C,25,OKC,80,80,33.4,6.0,10.1,.595,0.0,0.0,.000,6.0,10.1,.596,.595,1.8,3.7,.500,4.9,4.6,9.5,1.6,1.5,1.0,1.7,2.6,13.9,2018-19
179,Deonte Burton,SG,25,OKC,32,0,7.5,1.0,2.6,.402,0.3,0.8,.296,0.8,1.7,.455,.451,0.3,0.4,.667,0.1,0.8,0.9,0.3,0.2,0.3,0.3,1.0,2.6,2018-19
180,Tyler Davis,C,21,OKC,1,0,1.0,0.0,1.0,.000,0.0,0.0,,0.0,1.0,.000,.000,0.0,0.0,,1.0,0.0,1.0,0.0,0.0,0.0,0.0,0.0,0.0,2018-19
181,Hamidou Diallo,SG,20,OKC,51,3,10.3,1.5,3.2,.455,0.1,0.5,.167,1.4,2.8,.504,.467,0.7,1.2,.610,0.7,1.2,1.9,0.3,0.4,0.2,0.5,1.5,3.7,2018-19
182,Jawun Evans,PG,22,OKC,1,0,1.0,0.0,1.0,.000,0.0,1.0,.000,0.0,0.0,,.000,0.0,0.0,,0.0,0.0,0.0,0.0,0.0,0.0,0.0,0.0,0.0,2018-19
183,Raymond Felton,PG,34,OKC,33,0,11.5,1.7,4.1,.407,0.6,1.8,.328,1.1,2.2,.473,.481,0.4,0.4,.923,0.1,0.9,1.0,1.6,0.3,0.2,0.4,0.9,4.3,2018-19
184,Terrance Ferguson,SG,20,OKC,74,74,26.1,2.5,5.8,.429,1.4,3.9,.366,1.1,1.9,.560,.552,0.5,0.7,.725,0.4,1.5,1.9,1.0,0.5,0.2,0.6,3.1,6.9,2018-19
185,Paul George,SF,28,OKC,77,77,36.9,9.2,21.0,.438,3.8,9.8,.386,5.4,11.1,.484,.529,5.9,7.0,.839,1.4,6.8,8.2,4.1,2.2,0.4,2.7,2.8,28.0,2018-19
186,Jerami Grant,PF,24,OKC,80,77,32.7,5.1,10.3,.497,1.4,3.7,.392,3.7,6.6,.555,.567,2.0,2.8,.710,1.2,4.0,5.2,1.0,0.8,1.3,0.8,2.7,13.6,2018-19
187,Donte Grantham,SF,23,OKC,3,0,0.7,0.0,0.7,.000,0.0,0.7,.000,0.0,0.0,,.000,0.0,0.0,,0.0,0.0,0.0,0.0,0.0,0.0,0.0,0.0,0.0,2018-19
188,Timothé Luwawu-Cabarrot,SF,23,OKC,21,1,5.9,0.6,2.0,.302,0.2,1.0,.227,0.4,1.0,.381,.360,0.2,0.3,.667,0.2,0.7,0.9,0.2,0.2,0.0,0.2,0.7,1.7,2018-19
189,Markieff Morris,PF,29,OKC,24,1,16.1,2.5,6.5,.391,0.8,2.5,.339,1.7,4.0,.423,.455,0.6,0.8,.737,0.8,3.0,3.8,0.8,0.5,0.1,0.3,2.4,6.5,2018-19
190,Abdel Nader,SF,25,OKC,61,1,11.4,1.5,3.5,.423,0.5,1.6,.320,1.0,1.9,.513,.498,0.4,0.6,.750,0.2,1.7,1.9,0.3,0.3,0.2,0.4,1.1,4.0,2018-19
191,Nerlens Noel,C,24,OKC,77,2,13.7,2.1,3.6,.587,0.0,0.0,,2.1,3.6,.587,.587,0.7,1.0,.684,1.6,2.6,4.2,0.6,0.9,1.2,0.6,2.2,4.9,2018-19
192,Patrick Patterson,PF,29,OKC,63,5,13.7,1.3,3.5,.374,0.7,2.2,.336,0.6,1.3,.439,.479,0.3,0.5,.633,0.7,1.7,2.3,0.5,0.3,0.2,0.3,0.7,3.6,2018-19
193,Dennis Schröder,PG,25,OKC,79,14,29.3,5.8,14.0,.414,1.6,4.6,.341,4.2,9.4,.450,.470,2.4,2.9,.819,0.5,3.1,3.6,4.1,0.8,0.2,2.2,2.4,15.5,2018-19
194,Russell Westbrook,PG,30,OKC,73,73,36.0,8.6,20.2,.428,1.6,5.6,.290,7.0,14.5,.481,.468,4.1,6.2,.656,1.5,9.6,11.1,10.7,1.9,0.5,4.5,3.4,22.9,2018-19
195,D.J. Augustin,PG,31,ORL,81,81,28.0,3.9,8.4,.470,1.6,3.8,.421,2.3,4.5,.511,.566,2.2,2.6,.866,0.5,2.0,2.5,5.3,0.6,0.0,1.6,1.4,11.7,2018-19
196,Mo Bamba,C,20,ORL,47,1,16.3,2.5,5.2,.481,0.4,1.5,.300,2.0,3.7,.555,.525,0.8,1.3,.587,1.4,3.6,5.0,0.8,0.3,1.4,0.9,2.2,6.2,2018-19
197,Khem Birch,C,26,ORL,50,1,12.9,1.8,3.0,.603,0.0,0.0,.000,1.8,3.0,.607,.603,1.2,1.7,.699,1.6,2.2,3.8,0.8,0.4,0.6,0.4,1.4,4.8,2018-19
198,Isaiah Briscoe,PG,22,ORL,39,0,14.3,1.4,3.5,.399,0.3,0.9,.324,1.1,2.7,.423,.438,0.4,0.7,.577,0.1,1.8,1.9,2.2,0.3,0.1,0.8,1.7,3.5,2018-19
199,Michael Carter-Williams,PG,27,ORL,12,0,18.9,1.8,5.2,.339,0.3,1.6,.158,1.5,3.6,.419,.363,1.7,2.3,.741,1.3,3.4,4.8,4.1,0.9,0.8,0.8,1.8,5.4,2018-19
200,Troy Caupain,PG,23,ORL,4,0,4.0,1.0,2.0,.500,0.5,0.8,.667,0.5,1.3,.400,.625,0.0,0.0,,0.3,0.5,0.8,1.0,0.3,0.0,0.0,0.0,2.5,2018-19
201,Evan Fournier,SG,26,ORL,81,81,31.5,5.8,13.2,.438,1.9,5.6,.340,3.9,7.6,.509,.509,1.7,2.1,.806,0.5,2.7,3.2,3.6,0.9,0.1,1.9,2.8,15.1,2018-19
202,Melvin Frazier,SG,22,ORL,10,0,4.4,0.7,2.1,.333,0.0,0.6,.000,0.7,1.5,.467,.333,0.1,0.4,.250,0.3,0.2,0.5,0.1,0.1,0.0,0.1,0.6,1.5,2018-19
203,Aaron Gordon,PF,23,ORL,78,78,33.8,6.0,13.4,.449,1.6,4.4,.349,4.5,9.0,.499,.507,2.4,3.2,.731,1.7,5.7,7.4,3.7,0.7,0.7,2.1,2.2,16.0,2018-19
204,Jerian Grant,PG,26,ORL,60,1,15.7,1.5,3.7,.418,0.7,1.8,.364,0.9,1.8,.473,.509,0.4,0.7,.650,0.3,1.3,1.6,2.6,0.7,0.1,0.9,1.3,4.2,2018-19
205,Jonathan Isaac,PF,21,ORL,75,64,26.6,3.5,8.1,.429,1.1,3.5,.323,2.3,4.6,.510,.499,1.5,1.8,.815,1.3,4.2,5.5,1.1,0.8,1.3,1.0,1.9,9.6,2018-19
206,Wesley Iwundu,SF,24,ORL,68,13,18.1,1.7,4.0,.412,0.4,1.2,.367,1.2,2.9,.431,.465,1.2,1.5,.816,0.5,2.2,2.7,1.1,0.4,0.3,0.6,1.8,5.0,2018-19
207,Amile Jefferson,PF,25,ORL,12,0,5.7,0.8,1.3,.625,0.0,0.0,,0.8,1.3,.625,.625,0.6,0.7,.875,0.5,1.3,1.8,0.3,0.3,0.3,0.1,0.7,2.3,2018-19
208,Jarell Martin,PF,24,ORL,42,1,7.8,1.0,2.5,.413,0.5,1.4,.351,0.5,1.1,.489,.510,0.2,0.3,.818,0.3,1.5,1.7,0.4,0.1,0.2,0.3,1.2,2.7,2018-19
209,Terrence Ross,SG,27,ORL,81,0,26.5,5.4,12.7,.428,2.7,7.0,.383,2.8,5.7,.484,.534,1.6,1.8,.875,0.3,3.1,3.5,1.7,0.9,0.4,1.1,1.5,15.1,2018-19
210,Jonathon Simmons,SG,29,ORL,41,9,20.6,2.5,7.0,.364,0.5,2.0,.229,2.1,5.0,.419,.397,1.4,1.8,.778,0.6,1.9,2.4,2.3,0.4,0.3,1.4,1.7,6.9,2018-19
211,Nikola Vučević,C,28,ORL,80,80,31.4,8.8,16.9,.518,1.1,2.9,.364,7.7,14.0,.549,.549,2.2,2.8,.789,2.8,9.2,12.0,3.8,1.0,1.1,2.0,2.0,20.8,2018-19
212,Jonah Bolden,PF,23,PHI,44,10,14.5,1.8,3.7,.494,0.8,2.2,.354,1.0,1.5,.697,.599,0.3,0.6,.481,1.1,2.7,3.8,0.9,0.4,0.9,0.8,2.3,4.7,2018-19
213,Corey Brewer,SF,32,PHI,7,3,20.0,2.9,7.0,.408,0.6,2.0,.286,2.3,5.0,.457,.449,1.3,1.9,.692,0.6,1.9,2.4,1.4,1.7,0.3,1.1,2.3,7.6,2018-19
214,Jimmy Butler,SF,29,PHI,55,55,33.2,6.3,13.6,.461,0.9,2.7,.338,5.3,10.9,.491,.494,4.8,5.5,.868,1.9,3.4,5.3,4.0,1.8,0.5,1.5,1.7,18.2,2018-19
215,Wilson Chandler,PF,31,PHI,36,32,26.4,2.5,5.8,.440,1.3,3.3,.390,1.3,2.5,.506,.551,0.4,0.5,.722,1.2,3.4,4.7,2.0,0.6,0.5,1.1,2.6,6.7,2018-19
216,Robert Covington,SF,28,PHI,13,13,33.8,3.8,9.0,.427,2.3,5.9,.390,1.5,3.1,.500,.556,1.3,1.8,.739,0.5,4.6,5.2,1.1,1.8,1.8,1.7,3.5,11.3,2018-19
217,Joel Embiid,C,24,PHI,64,64,33.7,9.1,18.7,.484,1.2,4.1,.300,7.8,14.6,.535,.517,8.2,10.1,.804,2.5,11.1,13.6,3.7,0.7,1.9,3.5,3.3,27.5,2018-19
218,James Ennis,SF,28,PHI,18,2,15.6,1.9,4.6,.410,0.6,2.0,.306,1.3,2.6,.489,.476,0.9,1.3,.696,1.3,2.3,3.6,0.8,0.2,0.4,0.6,2.2,5.3,2018-19
219,Markelle Fultz,SG,20,PHI,19,15,22.5,3.4,8.2,.419,0.2,0.7,.286,3.2,7.4,.433,.432,1.1,1.9,.568,1.4,2.3,3.7,3.1,0.9,0.3,1.3,2.7,8.2,2018-19
220,Tobias Harris,PF,26,PHI,27,27,35.0,6.9,14.8,.469,1.6,5.0,.326,5.3,9.8,.542,.524,2.7,3.3,.841,1.2,6.7,7.9,2.9,0.4,0.5,1.6,2.3,18.2,2018-19
221,Haywood Highsmith,SF,22,PHI,5,0,8.0,0.8,2.0,.400,0.2,1.0,.200,0.6,1.0,.600,.450,0.0,0.4,.000,0.0,1.0,1.0,0.4,0.2,0.0,0.2,0.2,1.8,2018-19
222,Demetrius Jackson,PG,24,PHI,6,0,6.5,1.3,2.5,.533,0.3,1.0,.333,1.0,1.5,.667,.600,0.7,0.7,1.000,0.3,0.2,0.5,0.8,0.3,0.0,0.2,0.7,3.7,2018-19
223,Amir Johnson,C,31,PHI,51,6,10.4,1.5,3.1,.503,0.2,0.8,.300,1.3,2.3,.573,.541,0.6,0.8,.756,0.9,2.0,2.9,1.2,0.3,0.3,0.9,1.9,3.9,2018-19
224,Furkan Korkmaz,SG,21,PHI,48,7,14.1,2.0,5.1,.400,1.0,3.0,.326,1.1,2.1,.505,.496,0.8,0.9,.818,0.3,1.9,2.2,1.1,0.6,0.0,0.5,1.3,5.8,2018-19
225,Boban Marjanović,C,30,PHI,22,3,13.9,3.4,5.5,.625,0.2,0.4,.500,3.2,5.1,.634,.642,1.2,1.6,.722,1.5,3.7,5.1,1.5,0.2,0.5,1.0,1.5,8.2,2018-19
226,T.J. McConnell,PG,26,PHI,76,3,19.3,2.9,5.5,.525,0.2,0.6,.333,2.7,5.0,.546,.542,0.4,0.5,.784,0.4,1.9,2.3,3.4,1.0,0.2,1.2,1.4,6.4,2018-19
227,Shake Milton,SG,22,PHI,20,0,13.4,1.7,4.4,.391,0.7,2.2,.318,1.0,2.2,.465,.471,0.3,0.4,.714,0.5,1.3,1.8,0.9,0.4,0.4,0.3,1.5,4.4,2018-19
228,Greg Monroe,C,28,PHI,3,0,17.3,5.0,7.7,.652,0.3,0.3,1.000,4.7,7.3,.636,.674,3.3,3.7,.909,1.3,3.0,4.3,2.3,0.3,0.0,0.3,1.7,13.7,2018-19
229,Mike Muscala,PF,27,PHI,47,6,22.1,2.3,5.9,.392,1.4,4.2,.342,0.9,1.7,.519,.514,1.3,1.6,.818,1.1,3.2,4.3,1.3,0.4,0.6,0.9,2.4,7.4,2018-19
230,Justin Patton,C,21,PHI,3,0,7.0,0.7,2.3,.286,0.0,0.7,.000,0.7,1.7,.400,.286,0.3,0.7,.500,0.7,1.3,2.0,1.0,0.7,0.0,0.0,1.7,1.7,2018-19
231,J.J. Redick,SG,34,PHI,76,63,31.3,5.9,13.5,.440,3.2,8.0,.397,2.8,5.6,.502,.557,3.0,3.4,.894,0.3,2.2,2.4,2.7,0.4,0.2,1.3,1.7,18.1,2018-19
232,Dario Šarić,PF,24,PHI,13,13,30.5,3.7,10.2,.364,1.6,5.4,.300,2.1,4.8,.435,.443,2.1,2.3,.900,1.6,5.0,6.6,2.0,0.3,0.2,1.9,3.0,11.1,2018-19
233,Mike Scott,PF,30,PHI,27,3,24.0,2.8,7.0,.400,1.8,4.4,.412,1.0,2.6,.380,.529,0.4,0.6,.667,0.7,3.1,3.8,0.8,0.3,0.2,0.6,2.5,7.8,2018-19
234,Landry Shamet,SG,21,PHI,54,4,20.5,2.8,6.4,.441,1.8,4.5,.404,1.0,1.9,.529,.584,0.8,1.0,.815,0.3,1.2,1.4,1.1,0.4,0.1,0.5,2.0,8.3,2018-19
235,Ben Simmons,PG,22,PHI,79,79,34.2,6.8,12.2,.563,0.0,0.1,.000,6.8,12.1,.566,.563,3.3,5.4,.600,2.2,6.6,8.8,7.7,1.4,0.8,3.5,2.6,16.9,2018-19
236,Jonathon Simmons,SF,29,PHI,15,0,14.6,1.9,4.3,.453,0.6,1.4,.429,1.3,2.9,.465,.523,1.1,1.7,.640,0.3,1.5,1.7,2.2,0.7,0.1,0.8,1.4,5.5,2018-19
237,Zhaire Smith,SG,19,PHI,6,2,18.5,2.3,5.7,.412,1.0,2.7,.375,1.3,3.0,.444,.500,1.0,1.3,.750,0.5,1.7,2.2,1.7,0.3,0.3,1.0,1.3,6.7,2018-19
238,Al-Farouq Aminu,PF,28,POR,81,81,28.3,3.2,7.3,.433,1.2,3.5,.343,2.0,3.9,.514,.514,1.9,2.1,.867,1.4,6.1,7.5,1.3,0.8,0.4,0.9,1.8,9.4,2018-19
239,Wade Baldwin,PG,22,POR,16,0,5.9,0.6,2.1,.303,0.1,0.6,.222,0.5,1.5,.333,.333,0.5,0.7,.727,0.1,0.8,0.9,0.8,0.1,0.1,0.9,0.7,1.9,2018-19
240,Zach Collins,C,21,POR,77,0,17.6,2.5,5.2,.473,0.5,1.6,.331,1.9,3.6,.534,.523,1.2,1.6,.746,1.4,2.8,4.2,0.9,0.3,0.9,1.0,2.3,6.6,2018-19
241,Seth Curry,SG,28,POR,74,2,18.9,2.9,6.3,.456,1.5,3.4,.450,1.3,2.9,.463,.577,0.6,0.7,.846,0.4,1.3,1.6,0.9,0.5,0.2,0.8,1.3,7.9,2018-19
242,Maurice Harkless,SF,25,POR,60,53,23.6,3.2,6.5,.487,0.6,2.0,.275,2.6,4.5,.582,.530,0.8,1.2,.671,1.3,3.2,4.5,1.2,1.1,0.9,0.8,2.7,7.7,2018-19
243,Rodney Hood,SG,26,POR,27,4,24.4,3.6,8.0,.452,1.1,3.1,.345,2.6,4.9,.519,.518,1.2,1.5,.805,0.3,1.4,1.7,1.3,0.8,0.3,0.7,1.7,9.6,2018-19
244,Enes Kanter,C,26,POR,23,8,22.3,5.4,9.3,.577,0.1,0.5,.250,5.3,8.8,.596,.584,2.2,3.0,.735,3.7,4.9,8.6,1.4,0.6,0.4,1.7,2.7,13.1,2018-19
245,Skal Labissière,PF,22,POR,9,1,7.0,1.4,2.1,.684,0.2,0.2,1.000,1.2,1.9,.647,.737,0.3,0.7,.500,0.6,1.6,2.1,0.6,0.3,0.3,0.4,0.9,3.4,2018-19
246,Jake Layman,SF,24,POR,71,33,18.7,3.0,6.0,.509,0.8,2.5,.326,2.2,3.4,.646,.579,0.7,1.0,.704,0.8,2.3,3.1,0.7,0.4,0.4,0.6,1.6,7.6,2018-19
247,Meyers Leonard,C,26,POR,61,2,14.4,2.2,4.0,.545,0.8,1.8,.450,1.3,2.1,.626,.649,0.7,0.8,.843,0.8,3.0,3.8,1.2,0.2,0.1,0.7,1.7,5.9,2018-19
248,Damian Lillard,PG,28,POR,80,80,35.5,8.5,19.2,.444,3.0,8.0,.369,5.6,11.1,.499,.522,5.9,6.4,.912,0.9,3.8,4.6,6.9,1.1,0.4,2.7,1.9,25.8,2018-19
249,CJ McCollum,SG,27,POR,70,70,33.9,8.2,17.8,.459,2.4,6.4,.375,5.8,11.4,.506,.527,2.3,2.7,.828,0.9,3.1,4.0,3.0,0.8,0.4,1.5,2.5,21.0,2018-19
250,Jusuf Nurkić,C,24,POR,72,72,27.4,5.8,11.5,.508,0.0,0.4,.103,5.8,11.1,.523,.510,3.9,5.1,.773,3.4,7.0,10.4,3.2,1.0,1.4,2.3,3.5,15.6,2018-19
251,Anfernee Simons,SG,19,POR,20,1,7.1,1.4,3.2,.444,0.5,1.5,.345,0.9,1.7,.529,.524,0.5,0.8,.563,0.2,0.5,0.7,0.7,0.1,0.0,0.6,0.5,3.8,2018-19
252,Nik Stauskas,SG,25,POR,44,0,15.3,2.2,5.2,.419,1.0,2.8,.344,1.2,2.4,.510,.513,0.7,0.8,.889,0.2,1.6,1.8,1.4,0.3,0.1,0.9,0.7,6.1,2018-19
253,Caleb Swanigan,PF,21,POR,18,0,8.1,0.8,2.4,.318,0.1,0.3,.200,0.7,2.2,.333,.330,0.3,0.4,.857,0.7,2.2,2.9,0.4,0.2,0.0,0.9,1.2,1.9,2018-19
254,Gary Trent,SG,20,POR,15,1,7.4,1.1,3.3,.320,0.3,1.4,.238,0.7,1.9,.379,.370,0.2,0.5,.429,0.1,0.7,0.7,0.3,0.1,0.1,0.3,0.3,2.7,2018-19
255,Evan Turner,PG,30,POR,73,2,22.0,2.8,6.1,.460,0.2,0.7,.212,2.6,5.4,.494,.473,1.0,1.5,.708,0.5,4.0,4.5,3.9,0.5,0.2,1.6,1.5,6.8,2018-19
256,LaMarcus Aldridge,C,33,SAS,81,81,33.2,8.4,16.3,.519,0.1,0.5,.238,8.3,15.8,.528,.522,4.3,5.1,.847,3.1,6.1,9.2,2.4,0.5,1.3,1.8,2.2,21.3,2018-19
257,Marco Belinelli,SG,32,SAS,79,1,23.0,3.6,8.7,.413,1.9,5.0,.372,1.7,3.7,.468,.520,1.4,1.6,.903,0.2,2.3,2.5,1.7,0.4,0.1,0.9,1.5,10.5,2018-19
258,Donatas Motiejūnas,PF,26,SAS,76,12,21.5,2.7,6.0,.450,1.9,4.4,.429,0.8,1.5,.513,.610,0.7,0.8,.883,0.3,3.2,3.5,1.3,0.5,0.4,0.6,1.8,8.0,2018-19
259,Dante Cunningham,PF,31,SAS,64,21,14.5,1.2,2.5,.475,0.5,1.0,.462,0.7,1.5,.484,.570,0.2,0.3,.778,0.8,2.2,2.9,0.8,0.4,0.2,0.3,1.1,3.0,2018-19
260,DeMar DeRozan,SG,29,SAS,77,77,34.9,8.2,17.1,.481,0.1,0.6,.156,8.1,16.5,.492,.483,4.8,5.7,.830,0.7,5.3,6.0,6.2,1.1,0.5,2.6,2.3,21.2,2018-19
261,Drew Eubanks,PF,21,SAS,23,0,4.9,0.7,1.1,.577,0.0,0.0,,0.7,1.1,.577,.577,0.5,0.6,.846,0.3,1.2,1.5,0.3,0.1,0.2,0.3,0.5,1.8,2018-19
262,Bryn Forbes,SG,25,SAS,82,81,28.0,4.4,9.6,.456,2.1,5.0,.426,2.3,4.6,.489,.568,0.8,1.0,.885,0.2,2.7,2.9,2.1,0.5,0.0,1.0,1.9,11.8,2018-19
263,Pau Gasol,C,38,SAS,27,6,12.2,1.5,3.3,.466,0.2,0.4,.500,1.3,2.9,.462,.494,1.0,1.4,.711,0.8,3.9,4.7,1.9,0.2,0.5,0.5,1.0,4.2,2018-19
264,Rudy Gay,PF,32,SAS,69,51,26.7,5.4,10.8,.504,1.1,2.7,.402,4.4,8.1,.537,.554,1.7,2.1,.816,0.9,5.9,6.8,2.6,0.8,0.5,1.7,2.3,13.7,2018-19
265,Chimezie Metu,PF,21,SAS,29,0,5.0,0.7,2.0,.328,0.0,0.1,.000,0.7,1.9,.339,.328,0.4,0.6,.765,0.3,0.9,1.2,0.4,0.2,0.1,0.5,0.5,1.8,2018-19
266,Patty Mills,PG,30,SAS,82,1,23.3,3.4,8.1,.425,1.9,4.9,.394,1.5,3.2,.475,.545,1.1,1.3,.854,0.3,1.9,2.2,3.0,0.6,0.1,1.1,1.6,9.9,2018-19
267,Donatas Motiejūnas,PF,28,SAS,3,0,4.3,1.0,2.0,.500,0.0,0.0,,1.0,2.0,.500,.500,0.0,0.7,.000,0.7,0.3,1.0,0.3,0.0,0.3,1.0,2.0,2.0,2018-19
268,Jakob Poeltl,C,23,SAS,77,24,16.5,2.4,3.8,.645,0.0,0.0,,2.4,3.8,.645,.645,0.6,1.2,.533,2.3,3.0,5.3,1.2,0.4,0.9,0.6,1.6,5.5,2018-19
269,Quincy Pondexter,SF,30,SAS,53,0,5.5,0.5,1.1,.500,0.1,0.3,.333,0.4,0.8,.575,.552,0.6,0.8,.810,0.2,0.7,0.9,0.5,0.2,0.0,0.2,0.5,1.8,2018-19
270,Lonnie Walker,SG,20,SAS,17,0,6.9,0.9,2.7,.348,0.3,0.8,.385,0.6,1.9,.333,.402,0.5,0.6,.800,0.0,1.0,1.0,0.5,0.4,0.2,0.2,0.4,2.6,2018-19
271,Derrick White,PG,24,SAS,67,55,25.8,3.9,8.1,.479,0.7,2.1,.338,3.2,6.0,.529,.523,1.4,1.8,.772,0.5,3.2,3.7,3.9,1.0,0.7,1.4,2.2,9.9,2018-19
272,OG Anunoby,SF,21,TOR,67,6,20.2,2.7,6.0,.453,1.0,3.0,.332,1.7,3.0,.574,.536,0.5,0.9,.581,0.9,2.1,2.9,0.7,0.7,0.3,0.8,2.1,7.0,2018-19
273,Chris Boucher,PF,26,TOR,28,0,5.8,1.2,2.7,.447,0.4,1.3,.324,0.8,1.4,.564,.526,0.5,0.5,.867,0.6,1.4,2.0,0.1,0.2,0.9,0.3,1.1,3.3,2018-19
274,Lorenzo Brown,PG,28,TOR,26,0,8.2,0.9,2.7,.324,0.2,1.1,.214,0.7,1.7,.395,.366,0.1,0.1,1.000,0.2,1.0,1.2,1.1,0.5,0.2,0.6,0.8,2.1,2018-19
275,Marc Gasol,C,34,TOR,26,19,24.9,3.3,7.2,.465,0.9,2.0,.442,2.5,5.2,.474,.527,1.5,2.0,.769,0.9,5.7,6.6,3.9,0.9,0.9,1.4,2.7,9.1,2018-19
276,Danny Green,SG,31,TOR,80,80,27.7,3.7,7.9,.465,2.5,5.4,.455,1.2,2.4,.487,.622,0.5,0.6,.841,0.8,3.2,4.0,1.6,0.9,0.7,0.9,2.1,10.3,2018-19
277,Serge Ibaka,C,29,TOR,74,51,27.2,6.3,11.9,.529,0.7,2.3,.290,5.6,9.6,.586,.557,1.8,2.4,.763,2.1,6.0,8.1,1.3,0.4,1.4,1.5,2.9,15.0,2018-19
278,Kawhi Leonard,SF,27,TOR,60,60,34.0,9.3,18.8,.496,1.9,5.0,.371,7.5,13.8,.542,.546,6.1,7.1,.854,1.3,6.0,7.3,3.3,1.8,0.4,2.0,1.5,26.6,2018-19
279,Jeremy Lin,PG,30,TOR,23,3,18.8,2.5,6.7,.374,0.5,2.4,.200,2.0,4.3,.470,.410,1.5,1.8,.810,0.3,2.3,2.6,2.2,0.4,0.3,1.1,2.1,7.0,2018-19
280,Kyle Lowry,PG,32,TOR,65,65,34.0,4.7,11.4,.411,2.4,7.0,.347,2.3,4.4,.514,.518,2.5,3.0,.830,0.6,4.2,4.8,8.7,1.4,0.5,2.8,2.6,14.2,2018-19
281,Jordan Loyd,PG,25,TOR,12,0,4.6,0.7,1.5,.444,0.3,0.7,.500,0.3,0.8,.400,.556,0.8,0.9,.818,0.1,0.7,0.8,0.5,0.0,0.0,0.2,0.4,2.4,2018-19
282,Patrick McCaw,SG,23,TOR,26,1,13.2,0.9,2.1,.444,0.3,0.9,.333,0.6,1.2,.533,.519,0.5,0.6,.867,0.3,1.5,1.7,1.0,0.8,0.1,0.5,1.4,2.7,2018-19
283,Jodie Meeks,SG,31,TOR,8,0,13.0,2.6,4.9,.538,1.0,2.3,.444,1.6,2.6,.619,.641,0.1,0.1,1.000,0.1,1.4,1.5,1.0,0.1,0.1,0.3,0.6,6.4,2018-19
284,C.J. Miles,SF,31,TOR,40,1,14.1,1.8,5.2,.340,1.1,3.4,.314,0.7,1.7,.391,.444,0.9,1.1,.795,0.3,1.4,1.7,0.6,0.5,0.3,0.5,1.6,5.5,2018-19
285,Malcolm Miller,SF,25,TOR,10,0,6.7,1.1,2.6,.423,1.0,2.1,.476,0.1,0.5,.200,.615,0.3,0.4,.750,0.1,0.4,0.5,0.1,0.1,0.1,0.1,0.5,3.5,2018-19
286,Greg Monroe,C,28,TOR,38,2,11.1,1.9,4.2,.460,0.0,0.1,.000,1.9,4.1,.471,.460,0.9,1.6,.574,1.6,2.5,4.1,0.4,0.3,0.2,0.8,1.6,4.8,2018-19
287,Eric Moreland,PF,27,TOR,4,0,9.5,0.8,1.8,.429,0.3,0.3,1.000,0.5,1.5,.333,.500,0.0,0.0,,1.0,3.3,4.3,1.0,0.3,0.3,1.3,2.0,1.8,2018-19
288,Norman Powell,SG,25,TOR,60,3,18.8,3.2,6.7,.483,1.1,2.8,.400,2.1,3.8,.543,.568,1.0,1.3,.827,0.3,2.1,2.3,1.5,0.7,0.2,1.1,1.6,8.6,2018-19
289,Malachi Richardson,SG,23,TOR,22,0,4.7,0.4,1.3,.310,0.4,1.1,.320,0.0,0.2,.250,.448,0.2,0.2,.800,0.1,0.5,0.6,0.0,0.0,0.0,0.4,0.6,1.4,2018-19
290,Pascal Siakam,PF,24,TOR,80,79,31.9,6.5,11.8,.549,1.0,2.7,.369,5.5,9.1,.602,.591,3.0,3.8,.785,1.6,5.3,6.9,3.1,0.9,0.7,1.9,3.0,16.9,2018-19
291,Jonas Valančiūnas,C,26,TOR,30,10,18.8,5.0,8.6,.575,0.3,1.0,.300,4.7,7.6,.611,.593,2.6,3.1,.819,1.8,5.4,7.2,1.0,0.4,0.8,1.3,2.7,12.8,2018-19
292,Fred VanVleet,PG,24,TOR,64,28,27.5,3.8,9.4,.410,1.8,4.6,.378,2.1,4.8,.441,.503,1.5,1.8,.843,0.3,2.3,2.6,4.8,0.9,0.3,1.3,1.7,11.0,2018-19
293,Delon Wright,PG,26,TOR,49,2,18.3,2.6,6.0,.433,0.6,1.8,.333,2.0,4.1,.478,.485,1.1,1.2,.869,0.8,1.8,2.6,2.2,0.9,0.3,0.8,1.1,6.9,2018-19
294,Grayson Allen,SG,23,UTA,38,2,10.9,1.8,4.7,.376,0.8,2.6,.323,0.9,2.1,.443,.466,1.2,1.6,.750,0.1,0.5,0.6,0.7,0.2,0.2,0.9,1.2,5.6,2018-19
295,Tony Bradley,C,21,UTA,3,0,12.0,2.7,5.3,.500,0.0,0.0,,2.7,5.3,.500,.500,0.3,0.7,.500,3.0,2.0,5.0,0.3,0.7,0.7,1.0,2.0,5.7,2018-19
296,Alec Burks,SG,27,UTA,17,0,15.8,2.8,6.7,.412,0.9,2.5,.372,1.8,4.2,.437,.482,1.9,2.2,.868,0.1,1.5,1.6,1.2,0.4,0.2,0.9,1.3,8.4,2018-19
297,Tyler Cavanaugh,PF,24,UTA,11,0,3.5,0.3,0.9,.300,0.1,0.5,.200,0.2,0.5,.400,.350,0.2,0.2,1.000,0.3,0.5,0.7,0.1,0.0,0.0,0.1,0.3,0.8,2018-19
298,Jae Crowder,SF,28,UTA,80,11,27.1,4.0,10.0,.399,2.2,6.5,.331,1.8,3.4,.527,.508,1.8,2.5,.721,0.8,4.1,4.8,1.7,0.8,0.4,1.1,2.1,11.9,2018-19
299,Dante Exum,PG,23,UTA,42,1,15.8,2.4,5.7,.419,0.4,1.5,.290,2.0,4.3,.464,.456,1.6,2.0,.791,0.4,1.2,1.6,2.6,0.3,0.1,1.2,1.6,6.9,2018-19
300,Derrick Favors,C,27,UTA,76,70,23.2,4.8,8.1,.586,0.2,1.0,.218,4.6,7.1,.640,.600,2.0,3.0,.675,2.7,4.6,7.4,1.2,0.7,1.4,1.1,2.1,11.8,2018-19
301,Rudy Gobert,C,26,UTA,81,80,31.8,5.9,8.8,.669,0.0,0.0,,5.9,8.8,.669,.669,4.1,6.4,.636,3.8,9.0,12.9,2.0,0.8,2.3,1.6,2.9,15.9,2018-19
302,Joe Ingles,PF,31,UTA,82,82,31.3,4.4,9.8,.448,2.3,5.9,.391,2.1,3.9,.533,.565,1.1,1.5,.707,0.4,3.6,4.0,5.7,1.2,0.2,2.4,2.2,12.1,2018-19
303,Kyle Korver,SG,37,UTA,54,0,20.1,3.1,7.5,.408,2.1,5.4,.384,1.0,2.1,.469,.547,0.9,1.1,.825,0.2,2.3,2.5,1.2,0.4,0.2,0.8,1.6,9.1,2018-19
304,Donovan Mitchell,SG,22,UTA,77,77,33.7,8.6,19.9,.432,2.4,6.7,.362,6.1,13.1,.468,.493,4.1,5.1,.806,0.8,3.3,4.1,4.2,1.4,0.4,2.8,2.7,23.8,2018-19
305,Naz Mitrou-Long,SG,25,UTA,14,0,6.0,0.4,1.4,.300,0.1,0.8,.182,0.3,0.6,.444,.350,0.1,0.1,1.000,0.1,0.4,0.4,1.1,0.1,0.1,0.6,0.7,1.1,2018-19
306,Raul Neto,PG,26,UTA,37,1,12.8,2.0,4.4,.460,0.5,1.6,.333,1.5,2.7,.535,.522,0.8,0.9,.848,0.2,1.5,1.7,2.5,0.4,0.1,0.9,1.3,5.3,2018-19
307,Georges Niang,PF,25,UTA,59,0,8.7,1.5,3.1,.475,0.7,1.8,.410,0.7,1.3,.566,.594,0.3,0.4,.833,0.2,1.3,1.5,0.6,0.2,0.1,0.4,1.0,4.0,2018-19
308,Royce O'Neale,SF,25,UTA,82,16,20.4,2.0,4.2,.475,0.8,2.1,.386,1.2,2.0,.569,.574,0.4,0.5,.762,0.3,3.2,3.5,1.5,0.7,0.3,0.9,2.1,5.2,2018-19
309,Ricky Rubio,PG,28,UTA,68,67,27.9,4.3,10.7,.404,1.2,3.7,.311,3.2,7.0,.454,.458,2.9,3.4,.855,0.5,3.1,3.6,6.1,1.3,0.1,2.6,2.6,12.7,2018-19
310,Thabo Sefolosha,SF,34,UTA,50,2,12.2,1.4,3.0,.477,0.7,1.6,.436,0.7,1.4,.521,.591,0.3,0.4,.636,0.2,2.3,2.5,0.5,0.9,0.1,0.5,0.8,3.8,2018-19
311,Ekpe Udoh,C,31,UTA,51,1,6.3,1.0,1.4,.694,0.0,0.0,,1.0,1.4,.694,.694,0.4,0.6,.633,0.5,1.2,1.8,0.5,0.2,0.6,0.3,0.7,2.3,2018-19
