,PLAYER,POS,AGE,TEAM,G,GS,MP,FG,FGA,FG%,3P,3PA,3P%,2P,2PA,2P%,FT,FTA,FT%,ORB,DRB,TRB,AST,STL,BLK,TOV,PF,PTS,Unnamed: 29,ORtg,DRtg,SEASON
0,Jaylen Brown,SG,23,BOS,17,17,672,10.1,21.3,.476,3.2,8.9,.358,7.0,12.4,.560,3.9,4.7,.841,1.8,7.6,9.4,2.9,1.9,0.7,3.0,3.6,27.4,,110,106,2019-20
1,Carsen Edwards,SG,21,BOS,1,0,3,0.0,0.0,,0.0,0.0,,0.0,0.0,,0.0,0.0,,0.0,16.6,16.6,0.0,0.0,0.0,0.0,0.0,0.0,,,106,2019-20
2,Tacko Fall,C,24,BOS,2,0,3,16.6,16.6,1.000,0.0,0.0,,16.6,16.6,1.000,16.6,33.2,.500,0.0,16.6,16.6,0.0,0.0,0.0,0.0,0.0,49.8,,152,106,2019-20
3,Javonte Green,SG,26,BOS,1,0,6,8.3,16.6,.500,8.3,16.6,.500,0.0,0.0,,0.0,0.0,,0.0,8.3,8.3,0.0,0.0,0.0,0.0,8.3,24.9,,140,110,2019-20
4,Gordon Hayward,SF,29,BOS,5,1,157,6.3,15.9,.400,2.2,7.6,.292,4.1,8.2,.500,2.2,2.5,.875,1.0,5.4,6.3,4.4,2.2,0.6,2.2,3.2,17.1,,102,106,2019-20
5,Enes Kanter,C,27,BOS,11,0,102,10.7,20.5,.524,0.5,0.5,1.000,10.2,20.0,.512,2.4,4.9,.500,9.3,11.7,21.0,3.4,0.0,0.0,2.0,9.3,24.4,,119,108,2019-20
6,Romeo Langford,SG,20,BOS,7,0,46,4.3,10.8,.400,1.1,2.2,.500,3.2,8.7,.375,1.1,2.2,.500,0.0,3.2,3.2,2.2,1.1,0.0,2.2,4.3,10.8,,84,111,2019-20
7,Semi Ojeleye,PF,25,BOS,13,0,122,2.9,11.4,.250,2.0,9.4,.217,0.8,2.0,.400,0.8,0.8,1.000,0.8,4.1,4.9,0.4,1.2,0.0,0.4,3.7,8.6,,80,110,2019-20
8,Vincent Poirier,C,26,BOS,1,0,2,0.0,0.0,,0.0,0.0,,0.0,0.0,,0.0,0.0,,0.0,0.0,0.0,24.9,24.9,0.0,0.0,0.0,0.0,,232,59,2019-20
9,Marcus Smart,SG,25,BOS,17,16,648,6.0,15.2,.394,3.1,9.4,.333,2.8,5.8,.493,3.8,4.3,.875,0.8,6.1,6.8,6.0,1.6,0.6,3.5,4.2,18.9,,106,107,2019-20
10,Jayson Tatum,PF,21,BOS,17,17,690,10.5,24.1,.434,3.4,9.1,.373,7.1,15.0,.471,7.2,8.9,.813,1.6,10.7,12.3,6.1,1.2,1.4,3.5,3.0,31.5,,112,104,2019-20
11,Daniel Theis,C,27,BOS,17,17,482,6.3,12.1,.521,0.4,2.7,.154,5.9,9.4,.626,2.7,3.4,.788,3.3,9.2,12.5,2.6,0.6,2.2,1.5,6.8,15.7,,119,106,2019-20
12,Kemba Walker,PG,29,BOS,17,17,628,9.0,20.3,.441,3.1,10.0,.310,5.9,10.3,.569,5.5,6.4,.852,0.5,5.0,5.5,6.8,1.2,0.6,2.5,3.4,26.5,,116,109,2019-20
13,Brad Wanamaker,PG,30,BOS,17,0,273,5.3,10.9,.483,2.2,4.9,.444,3.1,6.0,.515,2.6,2.9,.875,0.4,5.8,6.2,5.5,2.2,0.7,3.3,5.8,15.3,,110,106,2019-20
14,Tremont Waters,PG,22,BOS,1,0,2,0.0,24.9,.000,0.0,24.9,.000,0.0,0.0,,0.0,0.0,,0.0,24.9,24.9,24.9,0.0,0.0,0.0,0.0,0.0,,56,101,2019-20
15,Grant Williams,PF,21,BOS,17,0,170,4.4,7.6,.577,2.9,5.0,.588,1.5,2.6,.556,2.0,2.9,.700,2.0,5.6,7.6,1.8,0.6,1.5,1.2,9.7,13.8,,142,109,2019-20
16,Robert Williams,C,22,BOS,13,0,149,7.7,10.4,.742,0.0,0.3,.000,7.7,10.0,.767,0.7,2.0,.333,7.3,9.7,17.0,3.3,1.0,2.0,2.3,6.0,16.0,,137,105,2019-20
17,Jarrett Allen,C,21,BRK,4,4,132,4.9,8.4,.583,0.0,0.0,,4.9,8.4,.583,4.6,5.6,.813,6.0,14.8,20.7,3.2,0.7,2.5,3.9,2.5,14.4,,117,117,2019-20
18,Justin Anderson,SG,26,BRK,3,0,28,8.3,19.9,.417,8.3,18.2,.455,0.0,1.7,.000,6.6,6.6,1.000,0.0,13.3,13.3,5.0,0.0,1.7,3.3,3.3,31.5,,121,120,2019-20
19,Chris Chiozza,PG,24,BRK,4,0,65,5.7,17.1,.333,3.6,11.4,.313,2.1,5.7,.375,1.4,2.9,.500,0.7,3.6,4.3,12.1,3.6,0.0,2.1,5.0,16.4,,104,119,2019-20
20,Donta Hall,C,22,BRK,3,0,20,7.0,11.6,.600,0.0,0.0,,7.0,11.6,.600,2.3,9.3,.250,7.0,4.6,11.6,0.0,0.0,4.6,2.3,2.3,16.2,,100,120,2019-20
21,Joe Harris,SF,28,BRK,2,2,72,7.7,14.8,.522,4.5,7.7,.583,3.2,7.1,.455,1.3,2.6,.500,1.3,11.6,12.9,1.3,0.6,0.0,1.9,5.8,21.3,,112,122,2019-20
22,Tyler Johnson,SG,27,BRK,4,2,93,10.5,22.9,.457,5.5,14.0,.393,5.0,9.0,.556,1.0,1.0,1.000,0.0,3.5,3.5,4.5,0.0,0.5,1.5,5.5,27.4,,110,127,2019-20
23,Rodions Kurucs,PF,21,BRK,4,1,58,8.8,16.0,.550,0.0,6.4,.000,8.8,9.6,.917,0.0,1.6,.000,2.4,8.0,10.4,2.4,0.8,1.6,2.4,7.2,17.6,,95,121,2019-20
24,Caris LeVert,SG,25,BRK,4,4,140,8.9,24.2,.370,3.0,7.0,.429,6.0,17.2,.346,6.0,8.3,.720,2.7,5.3,8.0,12.6,1.7,0.3,4.3,2.3,26.8,,104,122,2019-20
26,Jeremiah Martin,PG,23,BRK,3,0,27,6.9,24.0,.286,5.2,8.6,.600,1.7,15.5,.111,1.7,1.7,1.000,0.0,5.2,5.2,6.9,0.0,1.7,3.4,3.4,20.6,,83,124,2019-20
27,Timothé Luwawu-Cabarrot,SF,20,BRK,3,0,39,2.4,13.1,.182,0.0,7.1,.000,2.4,5.9,.400,11.9,16.6,.714,1.2,2.4,3.6,4.8,0.0,1.2,3.6,2.4,16.6,,86,127,2019-20
28,Garrett Temple,SG,33,BRK,4,4,137,5.8,16.6,.347,3.0,12.2,.250,2.7,4.4,.615,1.7,2.0,.833,0.0,3.7,3.7,2.7,1.0,0.3,2.0,4.1,16.2,,87,125,2019-20
29,Lance Thomas,PF,31,BRK,3,0,17,2.7,13.6,.200,0.0,5.5,.000,2.7,8.2,.333,5.5,10.9,.500,2.7,5.5,8.2,0.0,0.0,2.7,0.0,5.5,10.9,,73,123,2019-20
30,J.J. Barea,PG,35,DAL,1,0,5,0.0,9.4,.000,0.0,0.0,,0.0,9.4,.000,28.2,28.2,1.000,0.0,0.0,0.0,0.0,0.0,0.0,9.4,9.4,28.2,,96,129,2019-20
31,Trey Burke,PG,27,DAL,6,3,156,9.0,17.8,.508,2.4,5.1,.471,6.6,12.7,.524,1.8,3.0,.600,0.6,5.1,5.7,3.6,2.4,0.6,1.8,4.2,22.3,,112,120,2019-20
32,Antonius Cleveland,SG,25,DAL,2,0,9,10.5,26.1,.400,0.0,0.0,,10.5,26.1,.400,0.0,0.0,,5.2,0.0,5.2,0.0,5.2,0.0,0.0,5.2,20.9,,92,117,2019-20
33,Seth Curry,SG,29,DAL,6,0,173,8.4,14.4,.585,2.7,5.7,.476,5.7,8.7,.656,1.4,1.4,1.000,0.5,2.4,3.0,2.2,1.6,0.0,2.2,3.8,20.9,,122,124,2019-20
34,Luka Dončić,PG,20,DAL,6,6,215,14.0,28.0,.500,3.5,9.6,.364,10.5,18.4,.571,9.2,14.0,.656,0.9,12.0,12.9,11.4,1.5,0.7,6.8,3.7,40.7,,111,119,2019-20
35,Dorian Finney-Smith,PF,26,DAL,6,6,191,5.7,12.8,.442,2.7,7.4,.367,3.0,5.4,.545,1.0,1.2,.800,3.0,5.4,8.4,4.7,1.7,0.7,2.2,5.4,15.0,,114,122,2019-20
36,Tim Hardaway,SG,27,DAL,6,6,204,9.2,21.9,.421,4.4,12.5,.352,4.8,9.5,.512,1.8,2.5,.727,0.7,4.2,4.8,2.5,0.5,0.0,0.7,3.7,24.7,,109,126,2019-20
37,Justin Jackson,PF,24,DAL,3,0,16,2.9,17.6,.167,0.0,8.8,.000,2.9,8.8,.333,5.9,11.8,.500,0.0,8.8,8.8,0.0,0.0,0.0,0.0,2.9,11.8,,57,125,2019-20
38,Michael Kidd-Gilchrist,PF,26,DAL,6,0,55,3.4,12.0,.286,1.7,7.7,.222,1.7,4.3,.400,3.4,5.1,.667,1.7,3.4,5.1,2.6,0.9,0.9,0.9,6.8,12.0,,97,124,2019-20
39,Maxi Kleber,PF,28,DAL,6,6,203,3.0,9.0,.333,1.2,6.0,.192,1.9,3.0,.615,2.1,2.8,.750,2.3,6.7,9.0,2.1,0.5,1.6,0.9,4.6,9.3,,104,123,2019-20
40,Boban Marjanović,C,31,DAL,6,0,82,9.8,17.2,.567,0.0,0.6,.000,9.8,16.6,.586,4.0,5.2,.778,3.4,16.6,20.1,2.9,0.0,1.1,1.7,5.2,23.5,,122,120,2019-20
41,Kristaps Porziņģis,C,24,DAL,3,3,94,10.5,20.0,.525,4.5,8.5,.529,6.0,11.5,.522,10.0,11.5,.870,1.5,11.5,13.0,1.0,0.0,1.5,1.5,4.5,35.5,,137,122,2019-20
42,Josh Reaves,SF,22,DAL,2,0,9,5.2,15.7,.333,0.0,5.2,.000,5.2,10.5,.500,10.5,10.5,1.000,0.0,10.5,10.5,5.2,0.0,5.2,5.2,5.2,20.9,,94,117,2019-20
43,Delon Wright,PG,27,DAL,4,0,53,5.3,8.9,.600,0.9,1.8,.500,4.4,7.1,.625,2.7,4.4,.600,0.9,1.8,2.7,6.2,4.4,0.0,4.4,1.8,14.2,,107,118,2019-20
44,Keita Bates-Diop,SF,24,DEN,5,0,24,2.1,10.6,.200,0.0,0.0,,2.1,10.6,.200,2.1,4.3,.500,6.4,6.4,12.8,2.1,0.0,0.0,0.0,0.0,6.4,,94,120,2019-20
45,Bol Bol,PF,20,DEN,4,0,21,12.1,21.9,.556,4.9,7.3,.667,7.3,14.6,.500,17.0,19.4,.875,7.3,4.9,12.1,0.0,4.9,4.9,4.9,2.4,46.2,,137,104,2019-20
46,Tyler Cook,SF,22,DEN,1,0,4,0.0,0.0,,0.0,0.0,,0.0,0.0,,0.0,0.0,,0.0,25.5,25.5,0.0,0.0,0.0,0.0,0.0,0.0,,,110,2019-20
47,Torrey Craig,SF,29,DEN,19,3,375,4.5,10.6,.423,1.5,5.7,.262,3.0,4.9,.611,1.2,1.8,.692,1.8,6.7,8.4,1.8,1.0,1.0,1.2,6.0,11.7,,107,117,2019-20
48,Troy Daniels,SG,28,DEN,6,0,30,10.2,20.4,.500,5.1,10.2,.500,5.1,10.2,.500,1.7,3.4,.500,1.7,3.4,5.1,3.4,0.0,0.0,0.0,3.4,27.2,,132,122,2019-20
49,PJ Dozier,SG,23,DEN,12,0,125,5.7,13.5,.424,0.8,3.3,.250,4.9,10.2,.480,3.3,5.7,.571,0.8,6.5,7.3,4.9,0.8,0.8,3.3,5.3,15.5,,95,117,2019-20
50,Jerami Grant,PF,25,DEN,19,16,653,5.5,13.7,.406,2.4,7.4,.326,3.1,6.3,.500,3.8,4.2,.889,0.6,4.3,4.9,2.0,0.9,1.2,2.0,4.6,17.3,,107,118,2019-20
51,Gary Harris,SG,25,DEN,14,12,379,4.6,12.1,.378,2.6,7.0,.365,2.0,5.1,.395,2.3,3.0,.773,0.9,2.8,3.8,3.2,2.2,0.5,2.8,6.1,14.0,,98,117,2019-20
52,Nikola Jokić,C,24,DEN,19,19,694,13.1,25.2,.519,3.1,7.2,.429,10.0,18.0,.555,4.9,5.8,.835,2.7,11.0,13.7,8.0,1.5,1.1,4.6,5.0,34.1,,118,113,2019-20
53,Paul Millsap,PF,34,DEN,19,19,459,5.2,13.1,.398,1.7,4.9,.341,3.6,8.2,.432,4.8,6.0,.796,2.9,7.0,9.9,2.6,1.3,1.0,2.8,5.4,16.9,,107,115,2019-20
54,Monte Morris,PG,24,DEN,19,4,406,8.3,16.7,.496,1.5,5.0,.300,6.8,11.7,.581,3.5,4.3,.824,0.5,3.1,3.6,6.5,1.5,0.3,1.3,2.5,21.6,,124,118,2019-20
55,Jamal Murray,PG,22,DEN,19,19,753,12.6,24.9,.505,4.2,9.3,.453,8.4,15.7,.537,4.7,5.3,.897,1.4,4.9,6.2,8.5,1.2,0.4,3.6,2.8,34.2,,123,118,2019-20
56,Mason Plumlee,C,29,DEN,19,0,206,4.7,9.7,.487,0.0,0.2,.000,4.7,9.4,.500,2.0,3.0,.667,7.7,7.4,15.1,6.2,1.0,2.0,2.7,9.9,11.4,,122,115,2019-20
57,Michael Porter,SF,21,DEN,19,3,451,8.8,18.6,.476,3.8,10.1,.382,5.0,8.5,.587,2.9,4.0,.743,2.4,12.0,14.4,1.8,1.5,0.7,2.8,4.9,24.4,,112,113,2019-20
58,Noah Vonleh,C,24,DEN,1,0,3,0.0,17.0,.000,0.0,0.0,,0.0,17.0,.000,0.0,0.0,,0.0,0.0,0.0,0.0,0.0,0.0,0.0,0.0,0.0,,0,124,2019-20
59,Bruno Caboclo,C,24,HOU,2,0,7,7.0,13.9,.500,0.0,7.0,.000,7.0,7.0,1.000,0.0,0.0,,0.0,20.9,20.9,0.0,7.0,0.0,0.0,13.9,13.9,,96,89,2019-20
60,DeMarre Carroll,C,33,HOU,2,0,6,8.1,16.2,.500,0.0,0.0,,8.1,16.2,.500,0.0,0.0,,0.0,24.3,24.3,8.1,0.0,0.0,0.0,8.1,16.2,,119,103,2019-20
61,Tyson Chandler,C,37,HOU,1,0,0,,,,,,,,,,,,.000,,,,,,,,,,,,,2019-20
62,Chris Clemons,SG,22,HOU,2,0,8,12.2,30.4,.400,12.2,30.4,.400,0.0,0.0,,6.1,12.2,.500,0.0,12.2,12.2,0.0,0.0,0.0,0.0,0.0,42.6,,110,110,2019-20
63,Robert Covington,C,29,HOU,12,12,379,6.0,12.2,.495,4.4,8.7,.500,1.7,3.5,.481,0.8,0.9,.857,1.0,6.7,7.7,2.1,3.9,1.7,1.5,5.8,17.2,,122,102,2019-20
64,Michael Frazier,SG,25,HOU,4,0,12,4.1,16.2,.250,4.1,8.1,.500,0.0,8.1,.000,0.0,0.0,,4.1,12.2,16.2,8.1,0.0,0.0,4.1,0.0,12.2,,89,110,2019-20
65,Eric Gordon,SF,31,HOU,12,12,410,8.5,20.9,.409,3.4,10.7,.322,5.1,10.2,.500,4.2,4.7,.875,0.7,3.1,3.8,4.3,1.2,0.8,2.8,3.1,24.7,,103,111,2019-20
66,Jeff Green,C,33,HOU,12,0,341,7.3,14.7,.495,3.3,7.7,.426,4.0,7.0,.571,2.0,2.4,.824,0.7,7.9,8.6,2.7,0.9,0.9,2.1,3.9,19.8,,113,109,2019-20
67,James Harden,SG,30,HOU,12,12,448,11.8,24.8,.478,4.2,12.7,.333,7.6,12.1,.631,10.6,12.6,.845,1.3,6.0,7.3,10.0,2.0,1.1,4.9,4.7,38.6,,122,107,2019-20
68,Danuel House,SF,26,HOU,9,4,279,6.5,14.8,.435,3.3,9.2,.358,3.1,5.6,.563,1.7,2.3,.769,1.7,7.3,9.1,2.3,1.4,0.0,1.2,3.8,18.0,,112,109,2019-20
69,Ben McLemore,SF,26,HOU,11,0,130,5.6,15.0,.375,5.2,13.5,.389,0.4,1.5,.250,0.0,0.0,,0.7,3.4,4.1,2.2,1.5,0.0,1.1,3.0,16.5,,105,111,2019-20
70,Austin Rivers,SG,27,HOU,12,0,211,4.4,14.1,.311,2.1,8.1,.257,2.3,6.0,.385,2.3,3.0,.769,0.5,6.5,6.9,3.7,1.6,0.2,1.8,5.1,13.2,,88,109,2019-20
71,P.J. Tucker,PF,34,HOU,12,12,414,4.1,10.3,.398,2.9,7.9,.373,1.2,2.5,.476,0.0,0.0,,2.7,7.4,10.1,2.1,1.5,0.4,1.4,5.5,11.2,,109,108,2019-20
72,Russell Westbrook,PG,31,HOU,8,8,262,11.0,26.0,.421,1.5,6.1,.242,9.5,19.9,.477,3.2,5.9,.531,2.0,8.4,10.4,6.9,2.2,0.4,5.6,4.3,26.6,,89,106,2019-20
73,Malcolm Brogdon,PG,27,IND,4,4,160,8.1,20.2,.400,2.8,7.4,.375,5.3,12.7,.415,7.8,8.7,.893,0.0,5.3,5.3,12.4,1.2,0.0,3.1,3.1,26.7,,116,119,2019-20
74,Aaron Holiday,PG,23,IND,4,2,72,8.3,14.5,.571,2.8,6.2,.444,5.5,8.3,.667,2.1,3.4,.600,0.7,2.8,3.4,6.9,2.8,0.0,2.8,6.9,21.4,,121,117,2019-20
75,Justin Holiday,SF,30,IND,4,2,131,3.8,8.0,.476,3.0,6.1,.500,0.8,1.9,.400,0.4,1.1,.333,1.5,4.2,5.7,1.1,2.3,1.9,1.1,3.0,11.0,,115,115,2019-20
76,Alize Johnson,PF,23,IND,1,0,0,,,,,,,,,,,,,,,,,,,,,,,,,2019-20
77,T.J. McConnell,PG,27,IND,3,0,28,5.3,14.2,.375,0.0,0.0,,5.3,14.2,.375,1.8,3.5,.500,0.0,10.6,10.6,12.4,0.0,0.0,3.5,7.1,12.4,,91,119,2019-20
78,Doug McDermott,PF,28,IND,4,0,54,3.7,13.8,.267,1.8,9.2,.200,1.8,4.6,.400,0.0,0.0,,0.0,2.8,2.8,0.9,0.9,0.0,0.9,2.8,9.2,,65,121,2019-20
79,Victor Oladipo,SG,27,IND,4,4,123,8.9,22.6,.393,4.8,13.3,.364,4.0,9.3,.435,6.1,6.5,.938,0.0,5.2,5.2,4.0,3.6,0.0,5.7,5.7,28.7,,94,114,2019-20
80,JaKarr Sampson,PF,26,IND,4,0,50,9.9,15.9,.625,0.0,0.0,,9.9,15.9,.625,0.0,0.0,,1.0,11.9,12.9,4.0,2.0,0.0,2.0,9.9,19.9,,114,113,2019-20
81,Edmond Sumner,SG,24,IND,3,0,41,2.4,8.5,.286,0.0,3.6,.000,2.4,4.8,.500,2.4,2.4,1.000,1.2,6.1,7.3,0.0,0.0,0.0,2.4,6.1,7.3,,68,121,2019-20
82,Myles Turner,C,23,IND,4,4,146,8.5,15.0,.568,2.0,4.8,.429,6.5,10.2,.633,2.4,5.4,.438,3.7,10.9,14.6,1.0,0.7,5.4,3.1,4.4,21.4,,108,110,2019-20
83,T.J. Warren,SF,26,IND,4,4,156,10.2,21.6,.471,2.2,6.0,.368,8.0,15.6,.510,2.9,2.9,1.000,1.6,6.4,8.0,3.8,2.9,0.3,3.5,5.1,25.5,,101,114,2019-20
84,Patrick Beverley,PG,31,LAC,8,8,166,5.9,11.5,.513,2.4,6.5,.364,3.5,5.0,.706,0.6,1.2,.500,2.7,7.1,9.7,5.6,2.4,0.9,2.1,9.1,14.8,,124,109,2019-20
85,Amir Coffey,SG,22,LAC,3,0,7,0.0,21.0,.000,0.0,7.0,.000,0.0,14.0,.000,14.0,14.0,1.000,0.0,0.0,0.0,28.0,7.0,0.0,0.0,0.0,14.0,,103,104,2019-20
86,Paul George,SF,29,LAC,13,13,479,9.0,22.6,.398,3.8,11.3,.333,5.2,11.2,.464,5.1,5.6,.909,1.4,6.6,8.1,5.0,1.9,0.7,4.1,5.0,26.9,,104,110,2019-20
87,JaMychal Green,PF,29,LAC,13,0,222,6.8,12.1,.564,2.2,5.1,.435,4.6,7.1,.656,1.5,2.0,.778,2.9,7.9,10.8,1.5,0.4,0.7,1.1,6.4,17.4,,133,113,2019-20
88,Montrezl Harrell,C,26,LAC,13,0,243,9.5,16.5,.573,0.2,1.0,.200,9.3,15.5,.597,8.3,13.7,.603,2.2,5.4,7.7,1.0,1.0,1.4,2.4,5.6,27.4,,116,112,2019-20
89,Reggie Jackson,SG,29,LAC,12,1,170,6.0,13.8,.438,4.9,9.2,.531,1.2,4.6,.250,0.0,0.0,,0.6,5.5,6.0,3.2,0.6,0.3,1.4,5.2,17.0,,118,115,2019-20
90,Kawhi Leonard,SF,28,LAC,13,13,511,12.6,25.7,.489,2.3,7.0,.329,10.3,18.7,.549,7.8,9.0,.862,2.3,9.3,11.6,6.9,2.9,1.1,3.2,2.8,35.2,,121,107,2019-20
91,Terance Mann,SF,23,LAC,13,0,27,3.6,9.1,.400,0.0,3.6,.000,3.6,5.4,.667,0.0,0.0,,0.0,12.7,12.7,1.8,1.8,0.0,3.6,7.3,7.3,,63,109,2019-20
92,Rodney McGruder,SG,28,LAC,5,0,16,9.2,15.3,.600,6.1,9.2,.667,3.1,6.1,.500,0.0,0.0,,3.1,9.2,12.2,6.1,0.0,0.0,0.0,0.0,24.5,,172,115,2019-20
93,Marcus Morris,PF,30,LAC,13,13,388,7.1,14.0,.505,3.5,7.4,.475,3.5,6.6,.538,1.6,1.8,.929,1.4,6.6,8.0,2.7,1.4,0.1,1.1,4.9,19.3,,129,113,2019-20
94,Joakim Noah,C,34,LAC,2,0,2,0.0,0.0,,0.0,0.0,,0.0,0.0,,0.0,0.0,,0.0,0.0,0.0,0.0,0.0,0.0,0.0,0.0,0.0,,,119,2019-20
95,Patrick Patterson,PF,30,LAC,2,0,10,14.7,14.7,1.000,14.7,14.7,1.000,0.0,0.0,,0.0,0.0,,0.0,4.9,4.9,19.6,0.0,0.0,0.0,4.9,44.1,,280,117,2019-20
96,Landry Shamet,SG,22,LAC,13,4,243,4.8,11.9,.407,3.0,8.5,.357,1.8,3.4,.529,1.0,1.4,.714,0.0,4.4,4.4,3.4,1.2,0.6,2.6,3.6,13.7,,99,113,2019-20
97,Lou Williams,PG,33,LAC,13,0,341,8.9,21.0,.425,1.7,7.3,.235,7.2,13.6,.526,4.3,5.3,.811,1.0,4.9,5.9,7.9,1.4,0.3,3.0,2.6,23.8,,107,113,2019-20
98,Ivica Zubac,C,22,LAC,13,13,320,6.7,11.9,.564,0.0,0.0,,6.7,11.9,.564,4.6,5.7,.811,4.7,9.5,14.2,1.2,0.3,1.5,1.8,5.2,18.1,,127,112,2019-20
99,Kentavious Caldwell-Pope,SG,26,LAL,21,21,608,6.4,15.3,.418,3.7,9.7,.378,2.8,5.7,.486,1.8,2.2,.815,0.6,2.9,3.6,2.3,1.7,0.3,1.2,3.2,18.3,,113,112,2019-20
100,Alex Caruso,PG,25,LAL,21,1,510,4.6,10.9,.425,1.6,5.9,.279,3.0,5.0,.596,2.3,2.9,.800,1.5,3.2,4.6,5.7,2.2,1.2,3.0,5.3,13.3,,107,109,2019-20
101,Quinn Cook,PG,26,LAL,6,0,24,10.3,20.6,.500,4.1,8.2,.500,6.2,12.3,.500,2.1,2.1,1.000,0.0,2.1,2.1,10.3,0.0,0.0,2.1,2.1,26.7,,131,117,2019-20
102,Anthony Davis,PF,26,LAL,21,21,769,13.2,23.0,.571,1.5,3.8,.383,11.7,19.2,.609,9.6,11.5,.832,3.5,9.6,13.1,4.7,1.7,1.9,3.4,3.6,37.3,,130,107,2019-20
103,Jared Dudley,PF,34,LAL,9,0,31,0.0,6.4,.000,0.0,4.8,.000,0.0,1.6,.000,0.0,0.0,,0.0,3.2,3.2,0.0,6.4,1.6,3.2,3.2,0.0,,0,100,2019-20
104,Danny Green,SG,32,LAL,21,21,525,5.5,16.0,.347,3.7,10.8,.339,1.9,5.2,.364,0.9,1.4,.667,2.3,3.9,6.2,2.4,1.9,1.5,1.1,4.5,15.7,,105,109,2019-20
105,Talen Horton-Tucker,SG,19,LAL,2,0,17,17.4,34.8,.500,5.8,14.5,.400,11.6,20.3,.571,0.0,0.0,,0.0,14.5,14.5,0.0,5.8,0.0,0.0,11.6,40.6,,112,97,2019-20
106,Dwight Howard,C,34,LAL,18,7,282,6.8,10.0,.684,0.2,0.3,.500,6.6,9.6,.691,4.4,7.9,.556,5.6,8.9,14.5,1.6,1.4,1.4,2.8,9.6,18.2,,125,108,2019-20
107,LeBron James,PG,35,LAL,21,21,762,13.9,24.7,.560,2.8,7.7,.370,11.0,17.0,.646,7.0,9.7,.720,1.8,12.8,14.6,11.9,1.7,1.2,5.4,2.6,37.6,,124,106,2019-20
108,Kyle Kuzma,PF,24,LAL,21,0,484,7.8,18.2,.430,2.7,8.5,.313,5.2,9.8,.531,3.0,3.8,.784,1.8,4.8,6.6,1.7,0.6,0.7,2.1,5.1,21.3,,106,113,2019-20
109,JaVale McGee,C,32,LAL,14,11,135,7.3,11.7,.625,0.0,0.7,.000,7.3,11.0,.667,0.4,0.7,.500,5.8,10.2,16.1,2.6,0.7,3.7,3.3,8.0,15.0,,115,106,2019-20
110,Markieff Morris,PF,30,LAL,21,2,385,5.6,12.6,.449,3.7,8.8,.420,1.9,3.7,.517,0.9,1.2,.778,1.5,6.7,8.2,2.6,0.8,0.4,2.2,6.9,15.9,,113,112,2019-20
111,Rajon Rondo,PG,33,LAL,16,0,395,6.9,15.1,.455,2.5,6.2,.400,4.4,8.9,.493,1.6,2.4,.684,1.6,7.0,8.6,13.1,2.7,0.2,4.2,4.5,17.9,,115,108,2019-20
112,J.R. Smith,SG,34,LAL,10,0,75,4.6,17.1,.269,3.9,14.5,.273,0.7,2.6,.250,0.0,0.0,,0.0,2.0,2.0,2.0,1.3,0.0,4.6,7.2,13.2,,67,114,2019-20
113,Dion Waiters,SG,28,LAL,5,0,38,5.2,15.6,.333,0.0,5.2,.000,5.2,10.4,.500,2.6,2.6,1.000,0.0,2.6,2.6,2.6,1.3,1.3,1.3,2.6,13.0,,86,112,2019-20
114,Bam Adebayo,PF,22,MIA,19,19,687,9.0,16.0,.564,0.0,0.1,.000,9.0,16.0,.566,6.6,8.4,.783,3.4,10.9,14.3,6.1,1.4,1.2,3.4,4.2,24.6,,122,109,2019-20
115,Jimmy Butler,SF,30,MIA,21,21,806,8.9,18.3,.488,0.9,2.7,.349,8.0,15.6,.512,10.2,11.9,.859,2.9,5.6,8.4,7.9,2.5,0.9,3.7,2.3,29.0,,123,110,2019-20
116,Jae Crowder,PF,29,MIA,21,21,660,6.1,15.2,.403,4.2,12.2,.342,2.0,3.0,.650,2.7,3.5,.761,0.8,8.0,8.9,3.0,1.1,0.9,1.1,4.2,19.1,,113,112,2019-20
117,Goran Dragić,PG,33,MIA,17,16,553,10.8,24.3,.444,3.3,9.7,.346,7.4,14.6,.509,4.4,5.5,.803,1.2,5.1,6.2,6.8,1.5,0.2,3.5,4.5,29.3,,107,113,2019-20
118,Tyler Herro,SG,20,MIA,21,5,706,8.5,19.6,.433,3.4,9.1,.375,5.1,10.6,.483,3.3,3.8,.870,0.5,7.1,7.6,5.5,0.6,0.1,3.0,2.2,23.7,,106,114,2019-20
119,Solomon Hill,PF,28,MIA,7,0,42,6.0,10.7,.556,2.4,7.1,.333,3.6,3.6,1.000,0.0,0.0,,1.2,7.1,8.3,3.6,1.2,0.0,0.0,6.0,14.3,,143,113,2019-20
120,Andre Iguodala,SF,36,MIA,21,0,410,3.7,7.9,.462,1.7,4.8,.359,2.0,3.2,.615,0.6,0.9,.714,1.3,5.2,6.6,3.8,2.1,1.6,1.7,5.4,9.6,,112,110,2019-20
121,Derrick Jones,SF,22,MIA,15,0,97,4.1,8.8,.471,2.1,4.6,.444,2.1,4.1,.500,1.0,2.6,.400,3.1,3.1,6.2,3.6,3.1,2.6,1.0,6.2,11.3,,124,108,2019-20
122,Meyers Leonard,C,27,MIA,3,2,31,8.1,12.9,.625,3.2,6.5,.500,4.8,6.5,.750,3.2,3.2,1.000,0.0,1.6,1.6,4.8,1.6,0.0,0.0,6.5,22.6,,163,115,2019-20
123,Kendrick Nunn,PG,24,MIA,15,0,239,7.5,19.3,.391,2.5,9.0,.279,5.0,10.3,.490,1.7,1.7,1.000,0.6,6.1,6.7,4.2,0.6,0.6,2.5,4.4,19.3,,94,114,2019-20
124,Kelly Olynyk,C,28,MIA,17,0,258,8.7,18.4,.474,3.3,9.5,.347,5.4,8.9,.609,4.5,5.4,.821,2.5,12.8,15.3,3.7,0.8,1.6,2.5,6.8,25.2,,116,109,2019-20
125,Duncan Robinson,SG,25,MIA,21,21,600,6.3,14.7,.426,5.2,13.0,.397,1.1,1.7,.650,2.8,3.2,.868,0.4,4.4,4.8,3.2,1.2,0.5,1.3,5.4,20.4,,121,114,2019-20
126,Gabe Vincent,PG,23,MIA,1,0,0,,,,,,,,,,,,,,,,,,,,,,,,,2019-20
127,Giannis Antetokounmpo,PF,25,MIL,9,9,277,15.6,27.8,.559,2.2,6.9,.325,13.3,20.9,.636,8.1,14.0,.580,4.7,16.8,21.4,8.8,1.0,1.4,5.2,5.4,41.5,,117,104,2019-20
128,Eric Bledsoe,PG,30,MIL,9,9,267,6.8,17.6,.388,1.4,5.7,.250,5.4,11.8,.455,3.8,4.7,.808,0.9,6.5,7.4,9.5,2.0,1.1,4.1,3.6,18.8,,99,107,2019-20
129,Sterling Brown,SF,24,MIL,1,0,4,0.0,12.0,.000,0.0,12.0,.000,0.0,0.0,,0.0,0.0,,0.0,12.0,12.0,0.0,0.0,0.0,0.0,0.0,0.0,,0,111,2019-20
130,Pat Connaughton,SG,27,MIL,10,0,171,4.2,9.8,.429,2.2,6.4,.348,2.0,3.4,.583,0.6,0.6,1.000,1.4,9.5,10.9,3.1,0.6,0.6,1.4,3.4,11.2,,111,110,2019-20
131,Donte DiVincenzo,SG,23,MIL,10,1,165,6.7,14.8,.451,2.0,6.1,.333,4.6,8.7,.533,3.8,5.8,.650,2.3,7.0,9.3,3.5,2.0,0.9,2.9,6.1,19.1,,106,107,2019-20
132,George Hill,PG,33,MIL,10,1,268,5.7,12.0,.478,1.8,5.0,.357,3.9,7.0,.564,3.8,4.6,.808,0.9,3.4,4.3,5.5,1.1,0.0,2.9,3.0,17.0,,114,113,2019-20
133,Ersan İlyasova,PF,32,MIL,3,0,23,6.2,18.7,.333,2.1,10.4,.200,4.2,8.3,.500,4.2,4.2,1.000,0.0,8.3,8.3,0.0,4.2,0.0,2.1,6.2,18.7,,85,103,2019-20
134,Kyle Korver,SF,38,MIL,10,0,119,8.0,18.9,.426,6.0,14.9,.405,2.0,4.0,.500,2.8,2.8,1.000,0.4,2.8,3.2,0.4,1.2,0.4,2.0,3.6,24.9,,110,112,2019-20
135,Brook Lopez,C,31,MIL,10,10,328,8.9,16.6,.535,3.1,7.7,.396,5.8,8.9,.656,2.2,2.9,.750,2.8,5.3,8.0,0.7,1.5,1.9,1.8,3.9,23.1,,120,108,2019-20
136,Robin Lopez,C,31,MIL,3,0,21,6.8,9.1,.750,0.0,0.0,,6.8,9.1,.750,0.0,0.0,,0.0,9.1,9.1,0.0,0.0,0.0,0.0,4.6,13.7,,145,113,2019-20
137,Frank Mason III,PG,25,MIL,2,0,2,0.0,0.0,,0.0,0.0,,0.0,0.0,,0.0,0.0,,0.0,0.0,0.0,23.9,0.0,0.0,0.0,0.0,0.0,,233,117,2019-20
138,Wesley Matthews,SG,33,MIL,10,10,246,4.7,11.1,.421,3.3,8.4,.395,1.4,2.7,.500,1.4,1.9,.700,1.2,2.3,3.5,1.8,1.8,0.8,1.4,3.9,14.0,,111,110,2019-20
139,Khris Middleton,SF,28,MIL,10,10,355,9.6,24.3,.394,3.1,8.8,.354,6.5,15.5,.417,5.1,6.2,.826,0.7,8.6,9.3,8.1,1.5,0.3,4.6,5.5,27.4,,100,109,2019-20
140,Marvin Williams,PF,33,MIL,10,0,179,5.6,12.6,.447,2.7,6.2,.435,2.9,6.4,.458,0.8,0.8,1.000,3.5,9.4,12.8,2.4,1.3,0.8,0.8,3.7,14.7,,123,108,2019-20
141,Steven Adams,C,26,OKC,7,7,210,7.1,11.9,.596,0.0,0.2,.000,7.1,11.6,.608,2.1,4.6,.450,7.8,10.7,18.5,2.1,0.9,0.5,3.7,2.3,16.2,,111,109,2019-20
142,Darius Bazley,PF,19,OKC,7,0,126,4.9,11.8,.419,4.2,8.4,.500,0.8,3.4,.222,3.4,3.8,.900,0.8,17.1,17.9,2.3,0.0,1.1,2.3,0.8,17.5,,117,107,2019-20
143,Deonte Burton,SF,26,OKC,1,0,2,0.0,0.0,,0.0,0.0,,0.0,0.0,,0.0,0.0,,0.0,0.0,0.0,0.0,0.0,0.0,0.0,0.0,0.0,,,117,2019-20
144,Hamidou Diallo,SF,21,OKC,3,0,25,7.7,21.1,.364,1.9,9.6,.200,5.8,11.5,.500,7.7,13.4,.571,3.8,7.7,11.5,1.9,0.0,3.8,3.8,0.0,24.9,,92,107,2019-20
145,Luguentz Dort,SF,20,OKC,6,6,175,7.4,20.8,.355,3.6,13.7,.260,3.8,7.1,.538,2.2,4.1,.533,1.4,4.7,6.0,1.6,0.5,1.6,4.1,6.9,20.6,,83,110,2019-20
146,Terrance Ferguson,SF,21,OKC,4,1,42,2.3,12.6,.182,2.3,11.4,.200,0.0,1.1,.000,0.0,0.0,,1.1,3.4,4.6,1.1,1.1,0.0,1.1,3.4,6.9,,63,112,2019-20
147,Danilo Gallinari,PF,31,OKC,7,7,212,7.2,17.9,.405,2.7,8.4,.324,4.5,9.5,.476,6.6,6.8,.967,1.1,7.5,8.6,1.6,1.1,0.2,3.4,2.5,23.8,,105,110,2019-20
148,Shai Gilgeous-Alexander,SG,21,OKC,7,7,279,6.7,15.5,.433,2.4,6.0,.400,4.3,9.5,.455,3.8,4.0,.957,0.5,5.8,6.4,5.0,1.2,0.5,2.6,2.9,19.6,,111,110,2019-20
149,Mike Muscala,C,28,OKC,2,0,20,2.4,4.8,.500,2.4,2.4,1.000,0.0,2.4,.000,0.0,0.0,,0.0,9.6,9.6,2.4,0.0,0.0,0.0,4.8,7.2,,160,112,2019-20
150,Abdel Nader,SF,26,OKC,3,0,25,1.9,13.4,.143,1.9,9.6,.200,0.0,3.8,.000,1.9,3.8,.500,1.9,3.8,5.8,0.0,1.9,3.8,0.0,1.9,7.7,,64,104,2019-20
151,Nerlens Noel,C,25,OKC,7,0,97,4.0,8.4,.471,0.0,0.5,.000,4.0,7.9,.500,2.5,4.9,.500,2.5,11.9,14.3,1.5,1.0,2.5,1.0,7.4,10.4,,106,104,2019-20
152,Chris Paul,PG,34,OKC,7,7,261,10.1,20.6,.491,2.9,7.9,.372,7.2,12.7,.565,4.2,4.8,.885,0.6,9.0,9.6,6.8,2.0,0.6,4.2,3.3,27.4,,112,106,2019-20
153,Andre Roberson,SF,28,OKC,1,0,3,0.0,16.0,.000,0.0,16.0,.000,0.0,0.0,,0.0,0.0,,0.0,0.0,0.0,0.0,0.0,0.0,0.0,16.0,0.0,,0,116,2019-20
154,Dennis Schröder,PG,26,OKC,7,0,227,9.3,23.0,.404,2.7,9.5,.289,6.6,13.5,.484,4.2,5.3,.800,0.4,5.1,5.5,5.3,0.8,0.2,3.6,3.2,25.6,,98,112,2019-20
155,D.J. Augustin,PG,32,ORL,5,0,128,6.5,16.5,.391,2.9,6.1,.471,3.6,10.4,.345,7.9,8.3,.957,0.0,3.6,3.6,10.8,0.4,0.0,4.3,2.2,23.7,,112,116,2019-20
156,Khem Birch,C,27,ORL,5,0,89,3.6,7.2,.500,0.0,0.0,,3.6,7.2,.500,5.2,5.7,.909,4.7,8.3,12.9,3.6,0.5,0.0,2.6,5.7,12.4,,125,113,2019-20
157,Gary Clark,SF,25,ORL,5,5,144,3.5,10.5,.333,3.5,10.2,.344,0.0,0.3,.000,1.3,1.6,.800,1.3,7.7,8.9,2.2,1.6,0.6,0.6,2.2,11.8,,108,110,2019-20
158,James Ennis,SG,29,ORL,5,5,119,4.6,13.5,.343,1.5,6.2,.250,3.1,7.3,.421,2.7,3.5,.778,2.3,8.9,11.2,2.3,1.9,0.8,2.3,7.3,13.5,,89,109,2019-20
159,Evan Fournier,SF,27,ORL,5,5,171,5.4,15.3,.351,3.2,9.4,.343,2.2,5.9,.364,3.2,4.6,.706,0.8,4.6,5.4,3.5,1.6,0.8,2.4,2.7,17.2,,94,111,2019-20
160,Markelle Fultz,PG,21,ORL,5,5,147,7.5,18.8,.400,1.9,5.0,.375,5.6,13.8,.409,1.9,2.2,.857,0.0,3.4,3.4,8.1,1.6,0.9,4.1,6.3,18.8,,91,112,2019-20
161,Wesley Iwundu,SF,25,ORL,5,0,76,3.6,12.1,.300,2.4,4.2,.571,1.2,7.9,.154,3.0,4.8,.625,0.6,6.1,6.7,2.4,1.8,1.2,1.8,3.0,12.7,,87,110,2019-20
162,B.J. Johnson,SF,24,ORL,1,0,4,11.5,23.0,.500,11.5,11.5,1.000,0.0,11.5,.000,0.0,0.0,,0.0,23.0,23.0,0.0,0.0,0.0,0.0,0.0,34.5,,126,109,2019-20
163,Vic Law,PF,24,ORL,1,0,4,11.5,11.5,1.000,11.5,11.5,1.000,0.0,0.0,,0.0,0.0,,0.0,23.0,23.0,11.5,0.0,0.0,0.0,0.0,34.5,,283,109,2019-20
164,Terrence Ross,SG,28,ORL,5,0,135,10.2,21.8,.469,3.4,10.2,.333,6.8,11.6,.588,4.1,4.8,.857,0.3,7.2,7.5,1.7,1.4,0.3,2.7,4.8,27.9,,102,111,2019-20
165,Nikola Vučević,C,29,ORL,5,5,185,13.9,27.6,.505,4.5,10.9,.409,9.4,16.7,.567,2.5,2.7,.909,2.2,11.4,13.7,5.0,1.0,0.7,3.2,3.2,34.8,,111,110,2019-20
166,Alec Burks,SG,28,PHI,4,0,95,8.5,26.0,.327,1.6,8.5,.188,6.9,17.5,.394,3.7,4.8,.778,3.7,4.2,8.0,3.7,0.5,1.6,1.6,3.7,22.3,,93,120,2019-20
167,Joel Embiid,C,25,PHI,4,4,145,11.8,25.7,.459,1.4,5.6,.250,10.4,20.2,.517,16.7,20.5,.814,3.8,13.2,17.0,1.7,2.1,1.7,5.2,6.3,41.7,,115,111,2019-20
168,Tobias Harris,PF,27,PHI,4,4,149,7.8,20.3,.383,0.7,5.1,.133,7.1,15.2,.467,5.1,6.4,.789,4.7,8.1,12.9,5.4,0.7,0.3,1.7,3.7,21.3,,108,119,2019-20
169,Al Horford,C,33,PHI,4,3,129,4.7,9.8,.480,0.0,1.6,.000,4.7,8.2,.571,1.6,2.7,.571,3.5,7.8,11.3,3.5,0.4,2.0,1.2,5.5,10.9,,113,118,2019-20
170,Furkan Korkmaz,SG,22,PHI,4,0,40,0.0,8.8,.000,0.0,7.6,.000,0.0,1.3,.000,3.8,6.3,.600,0.0,7.6,7.6,2.5,1.3,0.0,2.5,3.8,3.8,,40,118,2019-20
171,Shake Milton,SG,23,PHI,4,4,126,8.4,17.6,.477,4.0,10.0,.400,4.4,7.6,.579,2.4,2.8,.857,0.4,4.8,5.2,4.4,0.8,0.0,2.4,5.2,23.2,,118,121,2019-20
172,Raul Neto,PG,27,PHI,2,0,26,5.8,17.4,.333,3.9,9.7,.400,1.9,7.8,.250,0.0,0.0,,0.0,5.8,5.8,5.8,1.9,0.0,1.9,0.0,15.5,,96,118,2019-20
173,Kyle O'Quinn,C,29,PHI,1,0,6,0.0,0.0,,0.0,0.0,,0.0,0.0,,0.0,0.0,,0.0,8.4,8.4,8.4,0.0,0.0,16.8,25.2,0.0,,21,120,2019-20
174,Norvel Pelle,C,26,PHI,1,0,7,0.0,0.0,,0.0,0.0,,0.0,0.0,,0.0,0.0,,0.0,0.0,0.0,0.0,7.2,7.2,0.0,0.0,0.0,,,100,2019-20
175,Josh Richardson,SG,26,PHI,4,4,144,7.0,19.6,.357,3.5,9.8,.357,3.5,9.8,.357,5.9,6.3,.944,1.4,3.8,5.2,4.5,0.7,0.7,2.8,4.2,23.4,,108,121,2019-20
176,Mike Scott,PF,31,PHI,4,0,20,2.5,12.6,.200,0.0,5.0,.000,2.5,7.6,.333,10.1,10.1,1.000,5.0,15.1,20.2,2.5,0.0,0.0,0.0,5.0,15.1,,120,117,2019-20
177,Matisse Thybulle,SG,22,PHI,4,1,75,2.0,4.7,.429,0.7,2.7,.250,1.3,2.0,.667,0.0,0.0,,0.7,4.0,4.7,1.3,2.0,0.7,1.3,4.0,4.7,,90,118,2019-20
178,Jaylen Adams,PG,23,POR,3,0,21,6.7,20.2,.333,0.0,9.0,.000,6.7,11.2,.600,0.0,0.0,,2.2,4.5,6.7,4.5,2.2,0.0,0.0,2.2,13.5,,87,116,2019-20
179,Carmelo Anthony,PF,35,POR,5,5,176,7.5,18.2,.412,2.1,5.1,.421,5.4,13.1,.408,3.2,3.7,.857,0.3,6.4,6.7,2.7,1.3,0.5,3.5,5.4,20.3,,94,115,2019-20
180,Wenyen Gabriel,PF,22,POR,4,2,53,8.0,13.3,.600,1.8,4.4,.400,6.2,8.9,.700,0.9,1.8,.500,6.2,2.7,8.9,3.6,1.8,1.8,4.4,14.2,18.7,,115,115,2019-20
181,Mario Hezonja,PF,24,POR,5,0,68,6.2,15.2,.409,1.4,4.8,.286,4.8,10.4,.467,2.1,2.8,.750,1.4,9.7,11.1,4.2,2.1,0.0,2.1,5.5,15.9,,100,112,2019-20
182,Jaylen Hoard,PF,20,POR,3,0,41,8.0,13.8,.583,0.0,0.0,,8.0,13.8,.583,0.0,0.0,,5.7,4.6,10.3,1.1,0.0,0.0,2.3,5.7,16.1,,114,120,2019-20
183,Damian Lillard,PG,29,POR,4,4,143,8.6,21.1,.406,4.3,10.9,.394,4.3,10.2,.419,10.5,10.9,.970,0.3,4.3,4.6,5.6,0.7,0.3,4.6,1.3,31.9,,115,119,2019-20
184,CJ McCollum,SG,28,POR,5,5,196,10.6,23.8,.444,3.1,8.4,.371,7.4,15.4,.484,3.6,5.3,.682,1.2,5.8,7.0,3.8,1.4,0.5,3.6,2.4,27.9,,102,116,2019-20
185,Jusuf Nurkić,C,25,POR,5,5,161,7.3,16.7,.439,0.9,3.2,.273,6.4,13.5,.478,5.3,6.7,.783,4.1,11.1,15.2,5.3,2.0,0.3,3.8,6.1,20.8,,107,111,2019-20
186,Anfernee Simons,SG,20,POR,4,0,82,4.6,14.9,.308,3.4,8.0,.429,1.1,6.9,.167,2.9,3.4,.833,0.6,5.7,6.3,5.7,3.4,0.0,2.3,4.0,15.5,,100,112,2019-20
187,Gary Trent,SF,21,POR,5,1,153,4.9,13.8,.356,3.1,7.4,.417,1.8,6.5,.286,1.8,2.2,.857,1.5,1.5,3.1,0.9,1.2,0.0,1.5,4.9,14.8,,100,119,2019-20
188,Hassan Whiteside,C,30,POR,5,3,106,5.8,10.7,.542,0.4,0.4,1.000,5.3,10.2,.522,3.1,6.2,.500,3.1,12.4,15.5,0.9,0.4,4.4,2.7,7.6,15.1,,104,109,2019-20
189,OG Anunoby,SF,22,TOR,11,11,393,4.9,10.8,.455,2.1,5.1,.415,2.8,5.8,.489,2.2,3.5,.643,3.2,6.2,9.4,1.6,1.4,1.6,2.0,3.3,14.2,,110,104,2019-20
190,Chris Boucher,C,27,TOR,7,0,43,3.4,12.4,.273,2.3,5.6,.400,1.1,6.8,.167,0.0,1.1,.000,3.4,10.1,13.5,1.1,0.0,2.3,1.1,5.6,9.0,,82,104,2019-20
191,Terence Davis,SG,22,TOR,6,0,84,8.1,16.7,.483,4.6,11.0,.421,3.5,5.8,.600,4.0,4.0,1.000,1.2,6.3,7.5,4.0,0.6,0.0,3.5,6.3,24.8,,116,108,2019-20
192,Marc Gasol,C,35,TOR,11,11,228,5.3,13.6,.391,1.1,5.7,.185,4.2,7.9,.541,2.3,3.2,.733,0.8,9.3,10.2,6.2,1.1,1.5,3.4,6.8,14.0,,92,103,2019-20
193,Rondae Hollis-Jefferson,PF,25,TOR,5,0,39,5.0,12.4,.400,0.0,1.2,.000,5.0,11.2,.444,7.4,9.9,.750,6.2,6.2,12.4,3.7,2.5,1.2,1.2,6.2,17.4,,122,102,2019-20
194,Serge Ibaka,C,30,TOR,11,0,251,12.2,21.2,.573,4.4,8.7,.511,7.7,12.5,.615,2.7,2.7,1.000,3.3,13.1,16.4,2.5,0.4,2.7,2.3,5.2,31.4,,127,101,2019-20
195,Stanley Johnson,PF,23,TOR,3,0,20,12.1,26.6,.455,4.8,12.1,.400,7.3,14.5,.500,2.4,2.4,1.000,2.4,7.3,9.7,14.5,0.0,0.0,2.4,7.3,31.5,,125,109,2019-20
196,Kyle Lowry,PG,33,TOR,11,11,413,7.3,17.4,.419,2.7,8.4,.319,4.6,8.9,.513,5.6,7.0,.800,0.9,7.5,8.4,7.5,2.2,0.9,3.3,4.7,22.9,,110,103,2019-20
197,Malcolm Miller,SF,26,TOR,1,0,5,9.7,29.1,.333,9.7,9.7,1.000,0.0,19.4,.000,0.0,0.0,,0.0,0.0,0.0,0.0,0.0,0.0,0.0,19.4,29.1,,94,112,2019-20
198,Norman Powell,SG,26,TOR,11,0,273,9.0,18.4,.490,3.9,9.2,.423,5.1,9.2,.558,4.1,5.1,.793,0.7,3.9,4.6,2.0,1.1,0.5,2.0,5.1,26.1,,115,108,2019-20
199,Pascal Siakam,PF,25,TOR,11,11,418,8.3,21.1,.396,1.2,6.1,.189,7.2,14.9,.481,3.8,5.3,.717,1.6,8.0,9.6,4.9,1.4,0.5,2.5,3.8,21.7,,96,105,2019-20
200,Matt Thomas,SG,25,TOR,10,0,84,7.5,12.1,.619,2.9,6.9,.417,4.6,5.2,.889,0.0,0.0,,0.6,7.5,8.1,4.0,0.6,0.6,0.6,3.5,17.9,,143,107,2019-20
201,Fred VanVleet,SG,25,TOR,11,11,430,8.6,21.4,.400,4.8,12.4,.391,3.7,9.0,.413,2.4,2.8,.840,0.6,4.8,5.4,8.6,2.0,0.8,2.5,3.0,24.3,,110,105,2019-20
202,Paul Watson,SF,25,TOR,2,0,9,5.4,10.8,.500,0.0,0.0,,5.4,10.8,.500,0.0,0.0,,0.0,0.0,0.0,5.4,5.4,0.0,0.0,0.0,10.8,,118,101,2019-20
203,Tony Bradley,C,22,UTA,6,0,48,2.2,9.8,.222,0.0,0.0,,2.2,9.8,.222,5.5,7.7,.714,10.9,14.2,25.1,1.1,2.2,2.2,4.4,4.4,9.8,,98,110,2019-20
204,Jarrell Brantley,PF,23,UTA,2,0,13,0.0,20.2,.000,0.0,12.1,.000,0.0,8.1,.000,4.0,8.1,.500,12.1,4.0,16.1,8.1,0.0,4.0,4.0,16.1,4.0,,66,119,2019-20
205,Jordan Clarkson,SG,27,UTA,7,0,200,11.8,25.5,.464,4.5,12.9,.347,7.3,12.6,.583,2.6,2.6,1.000,0.5,5.8,6.3,3.9,1.6,0.0,1.8,3.9,30.7,,116,120,2019-20
206,Mike Conley,PG,32,UTA,5,5,165,9.9,20.4,.484,5.7,10.8,.529,4.1,9.5,.433,6.0,7.0,.864,1.0,3.5,4.5,8.3,2.5,0.3,1.6,3.2,31.5,,142,119,2019-20
207,Rudy Gobert,C,27,UTA,7,7,270,9.3,14.4,.649,0.0,0.0,,9.3,14.4,.649,4.3,8.2,.524,4.7,10.9,15.5,1.6,0.8,1.9,1.7,5.1,22.9,,129,116,2019-20
208,Joe Ingles,PF,32,UTA,7,7,234,4.9,12.1,.407,3.1,9.0,.350,1.8,3.1,.571,1.3,1.3,1.000,0.2,5.2,5.4,7.4,0.9,0.2,0.9,3.4,14.4,,130,121,2019-20
209,Donovan Mitchell,SG,23,UTA,7,7,264,16.5,31.2,.529,6.6,12.7,.516,9.9,18.5,.538,10.9,11.5,.948,1.2,5.8,7.0,6.8,1.4,0.4,5.8,2.2,50.5,,128,120,2019-20
210,Juwan Morgan,PF,22,UTA,7,2,86,1.8,7.3,.250,1.2,6.1,.200,0.6,1.2,.500,1.2,3.7,.333,3.7,9.2,12.8,3.1,1.2,0.0,0.6,6.7,6.1,,105,118,2019-20
211,Emmanuel Mudiay,PG,23,UTA,3,0,34,7.7,21.6,.357,3.1,4.6,.667,4.6,17.0,.273,1.5,3.1,.500,1.5,7.7,9.3,3.1,0.0,1.5,1.5,0.0,20.1,,95,120,2019-20
212,Georges Niang,PF,26,UTA,7,0,114,10.1,20.3,.500,5.5,13.3,.414,4.6,6.9,.667,0.9,0.9,1.000,1.8,5.1,6.9,1.8,0.0,0.5,0.9,4.1,26.7,,129,123,2019-20
213,Royce O'Neale,SF,26,UTA,7,7,249,2.7,6.7,.406,2.1,4.6,.455,0.6,2.1,.300,0.6,1.3,.500,0.6,7.4,8.0,4.0,1.9,0.4,2.7,5.3,8.2,,100,117,2019-20
214,Miye Oni,SF,22,UTA,2,0,14,11.2,22.5,.500,3.7,15.0,.250,7.5,7.5,1.000,0.0,0.0,,7.5,7.5,15.0,0.0,3.7,3.7,3.7,7.5,26.2,,110,109,2019-20
215,Rayjon Tucker,SG,22,UTA,2,0,11,9.5,23.9,.400,4.8,14.3,.333,4.8,9.5,.500,0.0,0.0,,0.0,0.0,0.0,0.0,0.0,0.0,4.8,4.8,23.9,,80,127,2019-20
216,Nigel Williams-Goss,PG,25,UTA,1,0,2,0.0,0.0,,0.0,0.0,,0.0,0.0,,0.0,0.0,,0.0,0.0,0.0,26.2,0.0,0.0,0.0,0.0,0.0,,239,127,2019-20
